Date,Temp,Precipitation,Snowfall Amount,Wind Speed 
01-Jan-2010,7.18,2.7,0.14,16.41
02-Jan-2010,1.34,0.0,0.0,30.69
03-Jan-2010,1.91,0.0,0.0,11.7
04-Jan-2010,-0.26,0.0,0.0,7.77
05-Jan-2010,-0.42,0.0,0.0,9.2
06-Jan-2010,1.17,0.2,0.14,16.43
07-Jan-2010,4.25,0.0,0.0,11.8
08-Jan-2010,2.91,3.1,2.17,24.69
09-Jan-2010,-0.06,7.0,4.9,20.79
10-Jan-2010,-1.3,0.4,0.28,19.83
11-Jan-2010,-1.62,0.0,0.0,6.45
12-Jan-2010,1.37,0.0,0.0,17.06
13-Jan-2010,4.28,2.4,0.49,19.06
14-Jan-2010,4.66,0.0,0.0,12.75
15-Jan-2010,5.49,0.0,0.0,7.74
16-Jan-2010,6.98,1.4,0.0,23.92
17-Jan-2010,7.58,1.9,0.0,28.38
18-Jan-2010,6.34,0.0,0.0,9.32
19-Jan-2010,5.5,0.0,0.0,7.77
20-Jan-2010,6.41,1.1,0.0,12.99
21-Jan-2010,6.32,0.0,0.0,12.57
22-Jan-2010,5.86,0.0,0.0,9.3
23-Jan-2010,6.4,0.0,0.0,17.04
24-Jan-2010,7.25,0.1,0.0,6.58
25-Jan-2010,4.7,1.6,0.7,15.22
26-Jan-2010,2.04,1.5,1.05,19.9
27-Jan-2010,1.08,0.0,0.0,19.71
28-Jan-2010,1.61,0.7,0.49,36.29
29-Jan-2010,4.58,0.6,0.0,31.22
30-Jan-2010,1.67,2.1,1.47,26.34
31-Jan-2010,1.46,0.5,0.28,29.1
01-Feb-2010,2.43,1.7,1.12,41.52
02-Feb-2010,4.34,0.1,0.0,34.91
03-Feb-2010,7.16,7.0,0.0,38.57
04-Feb-2010,9.03,0.0,0.0,15.63
05-Feb-2010,7.92,11.1,0.0,14.65
06-Feb-2010,7.2,2.5,0.0,9.55
07-Feb-2010,5.33,1.7,0.42,11.72
08-Feb-2010,4.88,0.0,0.0,11.5
09-Feb-2010,5.47,0.0,0.0,11.65
10-Feb-2010,1.33,0.9,0.63,25.85
11-Feb-2010,0.92,0.0,0.0,23.26
12-Feb-2010,1.11,1.3,0.91,17.07
13-Feb-2010,1.92,0.0,0.0,9.07
14-Feb-2010,4.17,0.0,0.0,7.51
15-Feb-2010,2.24,0.0,0.0,6.95
16-Feb-2010,6.62,0.0,0.0,11.8
17-Feb-2010,6.51,5.8,0.0,12.43
18-Feb-2010,10.14,1.3,0.0,10.66
19-Feb-2010,6.31,2.9,0.0,15.78
20-Feb-2010,6.43,0.3,0.07,21.9
21-Feb-2010,9.83,0.0,0.0,16.94
22-Feb-2010,14.7,0.4,0.0,15.89
23-Feb-2010,13.12,0.5,0.0,21.15
24-Feb-2010,13.26,1.5,0.0,12.09
25-Feb-2010,13.52,3.5,0.0,18.9
26-Feb-2010,9.92,5.4,0.0,37.17
27-Feb-2010,13.11,0.5,0.0,16.77
28-Feb-2010,13.89,1.5,0.0,35.47
01-Mar-2010,10.57,0.0,0.0,25.32
02-Mar-2010,9.2,2.1,0.0,16.55
03-Mar-2010,9.62,0.0,0.0,22.91
04-Mar-2010,8.49,1.2,0.84,20.47
05-Mar-2010,2.76,0.0,0.0,16.2
06-Mar-2010,2.86,1.5,1.05,45.93
07-Mar-2010,3.0,0.0,0.0,34.64
08-Mar-2010,4.41,0.0,0.0,31.93
09-Mar-2010,1.5,0.0,0.0,33.34
10-Mar-2010,4.3,0.2,0.14,21.31
11-Mar-2010,2.29,1.9,1.33,23.22
12-Mar-2010,6.25,0.0,0.0,8.68
13-Mar-2010,7.25,0.0,0.0,9.86
14-Mar-2010,7.45,0.0,0.0,13.48
15-Mar-2010,8.44,1.4,0.0,13.19
16-Mar-2010,10.03,1.3,0.0,14.43
17-Mar-2010,14.9,0.0,0.0,8.47
18-Mar-2010,17.05,0.0,0.0,7.24
19-Mar-2010,17.45,0.0,0.0,7.76
20-Mar-2010,19.89,0.0,0.0,9.56
21-Mar-2010,15.91,3.2,0.0,20.0
22-Mar-2010,14.93,0.0,0.0,6.27
23-Mar-2010,16.43,0.0,0.0,4.54
24-Mar-2010,18.92,0.0,0.0,7.05
25-Mar-2010,20.37,0.0,0.0,17.37
26-Mar-2010,14.19,3.7,0.0,27.36
27-Mar-2010,12.99,0.4,0.0,18.91
28-Mar-2010,12.62,0.1,0.0,20.09
29-Mar-2010,16.57,1.9,0.0,14.9
30-Mar-2010,14.68,2.5,0.0,27.69
31-Mar-2010,11.05,0.5,0.0,22.21
01-Apr-2010,10.03,2.3,0.0,14.22
02-Apr-2010,12.93,1.0,0.0,15.89
03-Apr-2010,13.42,4.1,0.0,13.9
04-Apr-2010,11.77,2.1,0.0,25.59
05-Apr-2010,10.92,0.0,0.0,11.61
06-Apr-2010,17.14,0.0,0.0,16.77
07-Apr-2010,18.8,0.0,0.0,16.06
08-Apr-2010,14.86,2.6,0.0,14.12
09-Apr-2010,16.93,0.0,0.0,14.47
10-Apr-2010,14.87,0.0,0.0,18.13
11-Apr-2010,10.09,0.1,0.0,21.19
12-Apr-2010,10.73,0.3,0.0,21.6
13-Apr-2010,11.67,0.0,0.0,14.06
14-Apr-2010,11.92,2.2,0.0,16.08
15-Apr-2010,13.63,0.1,0.0,9.87
16-Apr-2010,15.2,0.0,0.0,14.86
17-Apr-2010,18.28,0.0,0.0,8.68
18-Apr-2010,17.65,0.0,0.0,12.25
19-Apr-2010,18.72,0.0,0.0,9.37
20-Apr-2010,17.87,0.0,0.0,15.52
21-Apr-2010,16.91,0.0,0.0,14.13
22-Apr-2010,16.69,0.0,0.0,8.1
23-Apr-2010,19.18,0.0,0.0,11.77
24-Apr-2010,20.95,0.0,0.0,9.72
25-Apr-2010,22.41,0.0,0.0,8.47
26-Apr-2010,18.36,1.1,0.0,10.66
27-Apr-2010,19.34,0.0,0.0,10.73
28-Apr-2010,22.44,0.0,0.0,5.09
29-Apr-2010,24.71,0.0,0.0,11.31
30-Apr-2010,20.55,0.3,0.0,16.59
01-May-2010,15.73,8.4,0.0,7.91
02-May-2010,14.78,5.9,0.0,17.06
03-May-2010,14.22,0.3,0.0,16.04
04-May-2010,16.02,5.6,0.0,23.26
05-May-2010,12.96,2.0,0.0,17.53
06-May-2010,10.15,2.5,0.0,19.78
07-May-2010,14.56,0.0,0.0,13.85
08-May-2010,16.54,0.0,0.0,6.93
09-May-2010,15.51,5.2,0.0,8.33
10-May-2010,15.03,6.1,0.0,12.29
11-May-2010,18.43,8.6,0.0,19.71
12-May-2010,14.83,0.5,0.0,8.47
13-May-2010,10.33,13.7,0.0,14.56
14-May-2010,12.79,4.9,0.0,12.3
15-May-2010,11.9,1.0,0.0,16.78
16-May-2010,14.36,0.0,0.0,11.61
17-May-2010,14.99,0.0,0.0,15.52
18-May-2010,14.98,0.0,0.0,10.14
19-May-2010,13.57,1.2,0.0,14.18
20-May-2010,12.66,4.7,0.0,14.42
21-May-2010,17.95,0.1,0.0,6.68
22-May-2010,21.8,0.0,0.0,11.44
23-May-2010,22.21,0.0,0.0,10.29
24-May-2010,25.27,0.0,0.0,11.47
25-May-2010,26.11,0.0,0.0,13.23
26-May-2010,19.81,14.2,0.0,11.29
27-May-2010,18.46,0.0,0.0,15.72
28-May-2010,18.55,0.1,0.0,12.99
29-May-2010,21.03,0.0,0.0,9.52
30-May-2010,17.35,9.5,0.0,24.98
31-May-2010,15.64,0.1,0.0,20.39
01-Jun-2010,17.57,0.2,0.0,10.4
02-Jun-2010,18.49,1.9,0.0,16.29
03-Jun-2010,18.17,0.1,0.0,11.29
04-Jun-2010,24.98,0.0,0.0,11.48
05-Jun-2010,25.61,0.0,0.0,6.44
06-Jun-2010,26.25,1.1,0.0,16.8
07-Jun-2010,22.65,0.3,0.0,12.3
08-Jun-2010,24.17,1.4,0.0,7.92
09-Jun-2010,27.88,0.3,0.0,16.02
10-Jun-2010,30.72,0.0,0.0,15.14
11-Jun-2010,24.38,0.0,0.0,20.54
12-Jun-2010,22.04,2.3,0.0,14.32
13-Jun-2010,17.73,1.5,0.0,8.9
14-Jun-2010,19.18,0.9,0.0,11.16
15-Jun-2010,20.42,6.0,0.0,13.12
16-Jun-2010,20.3,3.8,0.0,20.95
17-Jun-2010,17.58,4.9,0.0,8.86
18-Jun-2010,18.72,15.9,0.0,15.73
19-Jun-2010,14.13,1.4,0.0,14.35
20-Jun-2010,14.92,0.1,0.0,20.62
21-Jun-2010,16.21,0.3,0.0,17.3
22-Jun-2010,18.59,0.0,0.0,9.55
23-Jun-2010,22.62,0.0,0.0,10.49
24-Jun-2010,23.18,0.0,0.0,4.91
25-Jun-2010,25.34,0.0,0.0,6.18
26-Jun-2010,25.6,0.0,0.0,7.32
27-Jun-2010,26.7,0.0,0.0,6.68
28-Jun-2010,27.48,0.0,0.0,5.75
29-Jun-2010,27.8,0.3,0.0,7.87
30-Jun-2010,27.06,0.0,0.0,10.42
01-Jul-2010,28.12,0.0,0.0,3.46
02-Jul-2010,29.57,0.0,0.0,4.9
03-Jul-2010,30.29,0.9,0.0,7.84
04-Jul-2010,23.17,3.9,0.0,8.01
05-Jul-2010,26.2,0.0,0.0,13.98
06-Jul-2010,22.4,0.0,0.0,11.4
07-Jul-2010,25.66,0.0,0.0,9.86
08-Jul-2010,28.36,0.0,0.0,11.04
09-Jul-2010,31.09,0.0,0.0,7.73
10-Jul-2010,31.44,0.0,0.0,12.54
11-Jul-2010,29.07,0.0,0.0,9.07
12-Jul-2010,31.9,0.1,0.0,23.61
13-Jul-2010,27.3,0.6,0.0,5.96
14-Jul-2010,32.0,0.0,0.0,15.9
15-Jul-2010,24.12,0.0,0.0,13.23
16-Jul-2010,28.8,0.0,0.0,5.99
17-Jul-2010,24.69,0.2,0.0,17.98
18-Jul-2010,24.61,0.0,0.0,12.51
19-Jul-2010,25.78,0.0,0.0,13.85
20-Jul-2010,27.45,0.0,0.0,11.2
21-Jul-2010,29.88,0.3,0.0,6.24
22-Jul-2010,24.79,3.0,0.0,15.0
23-Jul-2010,17.46,13.0,0.0,19.85
24-Jul-2010,20.57,0.6,0.0,17.15
25-Jul-2010,21.13,0.0,0.0,12.62
26-Jul-2010,18.73,5.1,0.0,11.65
27-Jul-2010,22.0,6.4,0.0,14.24
28-Jul-2010,21.49,3.9,0.0,14.16
29-Jul-2010,18.63,3.8,0.0,17.85
30-Jul-2010,20.3,0.5,0.0,7.37
31-Jul-2010,24.14,0.0,0.0,11.1
01-Aug-2010,28.48,1.0,0.0,12.33
02-Aug-2010,20.19,13.8,0.0,11.19
03-Aug-2010,19.9,0.4,0.0,12.23
04-Aug-2010,22.96,0.2,0.0,12.8
05-Aug-2010,17.17,12.5,0.0,16.51
06-Aug-2010,19.99,0.0,0.0,8.3
07-Aug-2010,22.92,0.0,0.0,5.01
08-Aug-2010,21.59,0.5,0.0,14.42
09-Aug-2010,24.65,0.0,0.0,5.35
10-Aug-2010,25.65,0.0,0.0,4.55
11-Aug-2010,24.23,0.0,0.0,11.24
12-Aug-2010,20.33,17.4,0.0,10.44
13-Aug-2010,21.88,1.2,0.0,9.91
14-Aug-2010,21.55,5.5,0.0,9.3
15-Aug-2010,17.4,15.4,0.0,26.46
16-Aug-2010,16.2,4.1,0.0,19.83
17-Aug-2010,19.87,0.0,0.0,20.06
18-Aug-2010,20.64,0.1,0.0,12.49
19-Aug-2010,23.95,0.0,0.0,6.93
20-Aug-2010,26.73,0.0,0.0,7.5
21-Aug-2010,28.58,0.0,0.0,4.43
22-Aug-2010,30.22,0.0,0.0,8.01
23-Aug-2010,25.5,1.5,0.0,13.63
24-Aug-2010,21.68,5.0,0.0,16.86
25-Aug-2010,22.84,0.0,0.0,6.92
26-Aug-2010,28.98,0.6,0.0,10.47
27-Aug-2010,24.33,10.0,0.0,19.71
28-Aug-2010,18.66,0.3,0.0,22.92
29-Aug-2010,18.51,0.5,0.0,15.6
30-Aug-2010,14.04,2.0,0.0,26.73
31-Aug-2010,17.16,0.0,0.0,11.97
01-Sep-2010,19.96,0.0,0.0,13.32
02-Sep-2010,20.59,0.0,0.0,7.2
03-Sep-2010,21.87,0.0,0.0,6.4
04-Sep-2010,21.17,0.0,0.0,9.89
05-Sep-2010,21.33,0.0,0.0,9.06
06-Sep-2010,20.87,0.7,0.0,16.88
07-Sep-2010,19.4,8.9,0.0,18.72
08-Sep-2010,18.85,9.4,0.0,20.16
09-Sep-2010,18.18,0.0,0.0,11.33
10-Sep-2010,19.89,0.0,0.0,6.99
11-Sep-2010,22.88,0.0,0.0,8.51
12-Sep-2010,23.92,4.9,0.0,13.91
13-Sep-2010,18.0,0.1,0.0,16.85
14-Sep-2010,21.15,0.0,0.0,9.86
15-Sep-2010,18.96,0.3,0.0,14.16
16-Sep-2010,17.98,0.9,0.0,13.96
17-Sep-2010,17.9,0.0,0.0,7.84
18-Sep-2010,16.41,0.0,0.0,14.16
19-Sep-2010,16.72,0.0,0.0,4.21
20-Sep-2010,20.26,0.0,0.0,8.53
21-Sep-2010,22.12,0.0,0.0,5.33
22-Sep-2010,22.4,0.0,0.0,6.71
23-Sep-2010,23.29,0.0,0.0,6.62
24-Sep-2010,18.04,6.8,0.0,17.35
25-Sep-2010,13.88,2.8,0.0,19.14
26-Sep-2010,12.36,0.1,0.0,13.27
27-Sep-2010,13.48,0.0,0.0,9.44
28-Sep-2010,15.11,0.0,0.0,9.66
29-Sep-2010,16.44,0.0,0.0,7.25
30-Sep-2010,14.62,3.0,0.0,6.93
01-Oct-2010,16.69,0.0,0.0,10.74
02-Oct-2010,19.87,0.0,0.0,8.71
03-Oct-2010,22.76,0.0,0.0,14.85
04-Oct-2010,23.92,0.7,0.0,24.36
05-Oct-2010,19.04,0.8,0.0,14.39
06-Oct-2010,21.68,0.0,0.0,11.68
07-Oct-2010,22.36,0.0,0.0,9.11
08-Oct-2010,21.6,0.0,0.0,13.66
09-Oct-2010,20.69,0.0,0.0,10.03
10-Oct-2010,17.04,0.0,0.0,12.36
11-Oct-2010,13.93,0.0,0.0,6.01
12-Oct-2010,15.92,0.0,0.0,8.36
13-Oct-2010,14.24,0.0,0.0,8.7
14-Oct-2010,12.87,0.0,0.0,7.67
15-Oct-2010,12.76,0.0,0.0,11.96
16-Oct-2010,10.09,6.3,0.0,11.38
17-Oct-2010,10.52,4.0,0.0,17.33
18-Oct-2010,9.99,0.0,0.0,10.35
19-Oct-2010,11.93,0.3,0.0,21.59
20-Oct-2010,8.44,3.7,0.0,21.71
21-Oct-2010,8.47,0.0,0.0,11.77
22-Oct-2010,10.74,0.2,0.0,7.73
23-Oct-2010,15.93,2.1,0.0,15.89
24-Oct-2010,12.08,2.8,0.0,17.69
25-Oct-2010,9.4,0.0,0.0,21.9
26-Oct-2010,8.36,0.0,0.0,5.75
27-Oct-2010,11.9,0.0,0.0,10.28
28-Oct-2010,13.49,0.0,0.0,5.36
29-Oct-2010,16.71,0.0,0.0,15.89
30-Oct-2010,13.37,0.0,0.0,10.64
31-Oct-2010,15.84,0.0,0.0,11.2
01-Nov-2010,15.06,0.0,0.0,10.87
02-Nov-2010,12.96,0.0,0.0,12.13
03-Nov-2010,15.98,0.0,0.0,15.0
04-Nov-2010,19.14,0.0,0.0,13.9
05-Nov-2010,16.5,0.0,0.0,15.8
06-Nov-2010,15.97,0.0,0.0,17.32
07-Nov-2010,12.24,2.5,0.0,19.34
08-Nov-2010,9.2,2.8,0.0,16.29
09-Nov-2010,11.79,0.0,0.0,15.85
10-Nov-2010,12.12,0.1,0.0,21.05
11-Nov-2010,11.3,2.0,0.0,31.69
12-Nov-2010,16.07,0.6,0.0,31.46
13-Nov-2010,18.74,0.0,0.0,25.39
14-Nov-2010,19.3,0.0,0.0,16.11
15-Nov-2010,11.03,4.7,0.0,18.7
16-Nov-2010,6.59,9.8,0.0,16.25
17-Nov-2010,8.16,0.0,0.0,11.89
18-Nov-2010,9.44,0.0,0.0,10.21
19-Nov-2010,9.98,0.1,0.0,7.63
20-Nov-2010,10.71,0.0,0.0,13.48
21-Nov-2010,6.44,0.0,0.0,9.32
22-Nov-2010,4.71,3.3,0.0,12.01
23-Nov-2010,5.27,0.7,0.0,13.06
24-Nov-2010,5.34,0.7,0.42,18.74
25-Nov-2010,6.97,0.5,0.07,14.6
26-Nov-2010,3.3,12.9,8.82,28.51
27-Nov-2010,0.71,2.1,1.47,20.53
28-Nov-2010,2.86,0.0,0.0,17.99
29-Nov-2010,2.55,0.2,0.14,28.69
30-Nov-2010,3.54,0.0,0.0,13.61
01-Dec-2010,0.91,4.2,2.73,27.86
02-Dec-2010,0.73,0.0,0.0,31.45
03-Dec-2010,0.61,0.0,0.0,11.65
04-Dec-2010,1.1,0.0,0.0,11.48
05-Dec-2010,3.9,1.8,0.0,20.75
06-Dec-2010,3.59,33.3,0.0,17.81
07-Dec-2010,10.27,10.3,0.0,20.62
08-Dec-2010,14.46,0.7,0.0,23.48
09-Dec-2010,10.93,4.8,3.15,29.04
10-Dec-2010,3.57,0.5,0.35,27.14
11-Dec-2010,5.56,0.1,0.0,28.95
12-Dec-2010,4.57,0.0,0.0,21.84
13-Dec-2010,0.57,0.0,0.0,22.47
14-Dec-2010,-0.62,0.6,0.42,20.79
15-Dec-2010,-0.88,0.3,0.21,26.97
16-Dec-2010,0.24,0.5,0.35,45.6
17-Dec-2010,1.6,5.8,4.06,45.34
18-Dec-2010,1.8,0.0,0.0,17.02
19-Dec-2010,5.83,1.1,0.0,54.31
20-Dec-2010,8.6,5.9,0.0,46.61
21-Dec-2010,7.16,0.4,0.0,23.3
22-Dec-2010,9.93,7.9,0.0,15.63
23-Dec-2010,8.79,0.0,0.0,10.56
24-Dec-2010,4.54,21.5,13.86,26.39
25-Dec-2010,-1.79,4.1,2.87,28.52
26-Dec-2010,-4.0,0.0,0.0,8.37
27-Dec-2010,-0.15,0.0,0.0,24.22
28-Dec-2010,2.27,0.1,0.0,11.31
29-Dec-2010,3.95,0.6,0.0,9.72
30-Dec-2010,3.46,0.0,0.0,13.51
31-Dec-2010,3.2,0.0,0.0,9.37
01-Jan-2011,3.18,0.0,0.0,5.17
02-Jan-2011,3.5,0.1,0.07,9.8
03-Jan-2011,2.13,0.0,0.0,10.29
04-Jan-2011,1.05,0.0,0.0,6.95
05-Jan-2011,5.5,0.0,0.0,12.04
06-Jan-2011,10.57,1.1,0.0,36.57
07-Jan-2011,13.62,2.5,0.0,31.26
08-Jan-2011,15.12,0.0,0.0,11.23
09-Jan-2011,10.5,12.7,0.0,16.93
10-Jan-2011,5.29,1.5,0.42,14.56
11-Jan-2011,8.14,2.1,0.0,21.1
12-Jan-2011,9.38,1.8,0.0,11.19
13-Jan-2011,13.5,0.4,0.0,22.23
14-Jan-2011,12.4,0.0,0.0,12.29
15-Jan-2011,11.12,0.0,0.0,15.03
16-Jan-2011,10.67,0.0,0.0,6.83
17-Jan-2011,9.67,0.0,0.0,5.74
18-Jan-2011,11.07,0.0,0.0,12.39
19-Jan-2011,6.05,0.1,0.0,15.27
20-Jan-2011,3.07,0.5,0.35,26.33
21-Jan-2011,2.85,0.0,0.0,18.37
22-Jan-2011,2.02,0.0,0.0,14.49
23-Jan-2011,1.27,0.0,0.0,7.98
24-Jan-2011,2.83,0.0,0.0,5.12
25-Jan-2011,4.11,0.0,0.0,19.29
26-Jan-2011,6.54,1.7,0.0,21.4
27-Jan-2011,5.79,0.0,0.0,10.66
28-Jan-2011,5.55,0.0,0.0,16.62
29-Jan-2011,4.24,0.0,0.0,13.64
30-Jan-2011,2.6,0.0,0.0,10.74
31-Jan-2011,2.38,0.0,0.0,6.91
01-Feb-2011,1.58,0.0,0.0,3.81
02-Feb-2011,1.9,0.0,0.0,4.65
03-Feb-2011,5.43,0.5,0.0,6.79
04-Feb-2011,10.13,0.0,0.0,21.05
05-Feb-2011,11.42,0.0,0.0,15.74
06-Feb-2011,10.66,0.0,0.0,5.92
07-Feb-2011,12.26,0.0,0.0,5.85
08-Feb-2011,11.22,0.0,0.0,6.4
09-Feb-2011,10.66,0.0,0.0,4.74
10-Feb-2011,11.01,0.0,0.0,5.49
11-Feb-2011,13.76,0.2,0.0,9.3
12-Feb-2011,12.39,0.0,0.0,6.35
13-Feb-2011,10.84,0.0,0.0,8.06
14-Feb-2011,13.37,0.0,0.0,10.54
15-Feb-2011,8.97,2.9,0.0,16.62
16-Feb-2011,10.6,0.0,0.0,8.34
17-Feb-2011,9.43,0.0,0.0,11.38
18-Feb-2011,7.76,0.0,0.0,8.8
19-Feb-2011,9.31,0.0,0.0,6.66
20-Feb-2011,4.8,9.8,0.0,7.42
21-Feb-2011,6.03,1.2,0.0,7.91
22-Feb-2011,5.51,0.0,0.0,12.81
23-Feb-2011,6.26,0.0,0.0,13.73
24-Feb-2011,6.41,1.6,0.21,13.6
25-Feb-2011,8.69,0.0,0.0,9.44
26-Feb-2011,11.01,1.6,0.0,18.8
27-Feb-2011,8.11,2.0,0.0,16.51
28-Feb-2011,9.99,0.0,0.0,15.77
01-Mar-2011,11.54,0.0,0.0,16.87
02-Mar-2011,9.17,0.0,0.0,21.73
03-Mar-2011,9.24,0.0,0.0,12.41
04-Mar-2011,8.96,0.0,0.0,9.3
05-Mar-2011,9.81,0.0,0.0,10.73
06-Mar-2011,10.2,0.0,0.0,17.92
07-Mar-2011,9.04,0.0,0.0,17.63
08-Mar-2011,12.87,0.0,0.0,13.32
09-Mar-2011,13.6,0.0,0.0,16.8
10-Mar-2011,10.77,0.0,0.0,16.41
11-Mar-2011,12.74,0.0,0.0,10.98
12-Mar-2011,16.98,0.0,0.0,6.04
13-Mar-2011,13.52,0.0,0.0,3.62
14-Mar-2011,17.24,0.3,0.0,5.17
15-Mar-2011,18.23,0.0,0.0,10.97
16-Mar-2011,18.11,1.5,0.0,5.49
17-Mar-2011,12.53,17.1,0.0,13.58
18-Mar-2011,10.87,1.0,0.0,10.18
19-Mar-2011,9.23,4.9,0.0,12.05
20-Mar-2011,12.39,0.0,0.0,14.25
21-Mar-2011,13.22,0.0,0.0,16.93
22-Mar-2011,14.79,0.0,0.0,11.38
23-Mar-2011,17.82,0.0,0.0,13.41
24-Mar-2011,18.64,0.0,0.0,4.55
25-Mar-2011,19.75,0.0,0.0,15.72
26-Mar-2011,17.96,0.2,0.0,10.71
27-Mar-2011,15.56,8.2,0.0,2.78
28-Mar-2011,14.71,5.7,0.0,5.06
29-Mar-2011,17.58,0.0,0.0,1.86
30-Mar-2011,14.7,2.3,0.0,10.92
31-Mar-2011,17.59,4.3,0.0,12.66
01-Apr-2011,18.92,0.1,0.0,7.2
02-Apr-2011,24.24,0.0,0.0,3.7
03-Apr-2011,23.36,0.3,0.0,8.33
04-Apr-2011,16.09,7.7,0.0,11.68
05-Apr-2011,18.35,0.0,0.0,4.26
06-Apr-2011,21.67,0.0,0.0,4.37
07-Apr-2011,25.1,0.0,0.0,13.48
08-Apr-2011,20.96,0.0,0.0,6.93
09-Apr-2011,22.67,0.0,0.0,8.67
10-Apr-2011,22.71,0.0,0.0,10.65
11-Apr-2011,22.57,0.0,0.0,8.47
12-Apr-2011,14.04,0.7,0.0,17.64
13-Apr-2011,12.73,0.0,0.0,6.24
14-Apr-2011,14.11,0.0,0.0,10.07
15-Apr-2011,15.29,0.0,0.0,16.53
16-Apr-2011,16.51,0.0,0.0,7.74
17-Apr-2011,18.22,0.0,0.0,9.46
18-Apr-2011,20.67,0.0,0.0,3.57
19-Apr-2011,21.85,0.0,0.0,4.72
20-Apr-2011,22.65,0.0,0.0,3.04
21-Apr-2011,23.12,0.0,0.0,6.22
22-Apr-2011,23.28,0.0,0.0,4.34
23-Apr-2011,23.94,0.0,0.0,7.11
24-Apr-2011,19.1,3.5,0.0,6.92
25-Apr-2011,23.07,0.5,0.0,13.32
26-Apr-2011,19.19,0.0,0.0,14.23
27-Apr-2011,16.35,0.0,0.0,6.33
28-Apr-2011,18.11,0.0,0.0,5.66
29-Apr-2011,16.73,1.3,0.0,3.41
30-Apr-2011,19.63,0.0,0.0,8.96
01-May-2011,19.91,0.0,0.0,11.04
02-May-2011,20.8,0.0,0.0,5.84
03-May-2011,16.41,2.4,0.0,11.08
04-May-2011,14.93,0.0,0.0,12.52
05-May-2011,18.33,0.0,0.0,11.46
06-May-2011,22.5,0.0,0.0,9.91
07-May-2011,24.69,0.0,0.0,12.57
08-May-2011,25.0,0.0,0.0,9.97
09-May-2011,24.27,0.0,0.0,14.08
10-May-2011,23.26,0.9,0.0,13.86
11-May-2011,24.14,0.0,0.0,8.21
12-May-2011,19.51,10.0,0.0,15.46
13-May-2011,20.44,0.0,0.0,11.46
14-May-2011,19.27,7.8,0.0,16.03
15-May-2011,12.44,1.8,0.0,13.12
16-May-2011,16.16,0.0,0.0,14.54
17-May-2011,19.8,0.0,0.0,7.2
18-May-2011,23.23,0.0,0.0,8.42
19-May-2011,22.99,0.5,0.0,11.04
20-May-2011,23.19,0.2,0.0,9.51
21-May-2011,23.67,0.0,0.0,8.03
22-May-2011,22.35,2.5,0.0,15.72
23-May-2011,22.8,0.0,0.0,7.2
24-May-2011,23.17,0.0,0.0,15.99
25-May-2011,23.77,0.0,0.0,9.05
26-May-2011,25.25,0.0,0.0,21.37
27-May-2011,15.59,0.1,0.0,20.42
28-May-2011,18.76,0.0,0.0,9.11
29-May-2011,23.04,0.0,0.0,6.22
30-May-2011,26.32,0.5,0.0,9.01
31-May-2011,20.5,18.9,0.0,24.52
01-Jun-2011,13.9,11.3,0.0,22.42
02-Jun-2011,22.84,0.0,0.0,18.61
03-Jun-2011,25.01,0.5,0.0,11.75
04-Jun-2011,24.2,0.8,0.0,10.39
05-Jun-2011,24.81,0.4,0.0,9.7
06-Jun-2011,20.45,2.4,0.0,9.83
07-Jun-2011,24.04,2.1,0.0,11.31
08-Jun-2011,16.64,4.7,0.0,16.22
09-Jun-2011,17.71,0.0,0.0,10.88
10-Jun-2011,20.3,1.0,0.0,14.11
11-Jun-2011,17.47,0.1,0.0,12.28
12-Jun-2011,20.91,0.0,0.0,10.12
13-Jun-2011,18.72,2.6,0.0,10.39
14-Jun-2011,21.53,0.1,0.0,10.98
15-Jun-2011,22.41,0.0,0.0,10.25
16-Jun-2011,22.41,5.5,0.0,22.71
17-Jun-2011,24.73,1.3,0.0,14.91
18-Jun-2011,18.84,7.2,0.0,20.62
19-Jun-2011,17.08,0.4,0.0,22.38
20-Jun-2011,21.21,0.0,0.0,19.21
21-Jun-2011,27.06,0.0,0.0,15.73
22-Jun-2011,26.55,8.6,0.0,20.57
23-Jun-2011,20.54,0.3,0.0,14.32
24-Jun-2011,18.39,0.0,0.0,16.23
25-Jun-2011,22.44,0.0,0.0,12.47
26-Jun-2011,27.31,0.0,0.0,5.17
27-Jun-2011,30.86,0.0,0.0,6.13
28-Jun-2011,31.15,0.0,0.0,5.6
29-Jun-2011,24.86,1.3,0.0,19.71
30-Jun-2011,19.94,9.5,0.0,14.18
01-Jul-2011,18.54,0.0,0.0,13.9
02-Jul-2011,18.76,0.0,0.0,13.12
03-Jul-2011,20.99,0.0,0.0,11.08
04-Jul-2011,24.79,0.0,0.0,6.24
05-Jul-2011,26.14,0.0,0.0,5.29
06-Jul-2011,23.44,0.3,0.0,15.25
07-Jul-2011,23.04,2.9,0.0,12.04
08-Jul-2011,22.75,1.8,0.0,19.72
09-Jul-2011,25.67,0.4,0.0,12.09
10-Jul-2011,22.25,6.7,0.0,11.16
11-Jul-2011,25.03,0.0,0.0,5.65
12-Jul-2011,31.45,3.0,0.0,12.81
13-Jul-2011,22.82,36.2,0.0,19.07
14-Jul-2011,18.81,0.2,0.0,15.73
15-Jul-2011,20.78,0.0,0.0,7.78
16-Jul-2011,24.37,0.0,0.0,11.8
17-Jul-2011,20.78,10.9,0.0,20.4
18-Jul-2011,18.8,0.0,0.0,18.94
19-Jul-2011,21.46,16.8,0.0,23.78
20-Jul-2011,17.53,7.2,0.0,22.39
21-Jul-2011,16.95,3.4,0.0,12.55
22-Jul-2011,17.56,0.5,0.0,12.44
23-Jul-2011,17.69,0.6,0.0,12.34
24-Jul-2011,16.31,3.8,0.0,16.6
25-Jul-2011,19.97,0.3,0.0,6.74
26-Jul-2011,20.56,0.1,0.0,8.47
27-Jul-2011,18.73,0.8,0.0,2.88
28-Jul-2011,18.84,0.0,0.0,9.09
29-Jul-2011,21.79,0.0,0.0,9.37
30-Jul-2011,20.49,0.0,0.0,11.53
31-Jul-2011,20.94,0.0,0.0,10.64
01-Aug-2011,23.55,0.0,0.0,5.23
02-Aug-2011,27.31,0.0,0.0,12.99
03-Aug-2011,25.43,0.1,0.0,15.77
04-Aug-2011,24.64,0.0,0.0,6.87
05-Aug-2011,22.14,0.3,0.0,7.69
06-Aug-2011,26.97,0.6,0.0,14.16
07-Aug-2011,21.52,3.5,0.0,20.89
08-Aug-2011,17.98,0.7,0.0,24.04
09-Aug-2011,18.14,0.1,0.0,19.71
10-Aug-2011,19.22,0.2,0.0,7.17
11-Aug-2011,24.49,0.0,0.0,5.03
12-Aug-2011,24.16,0.2,0.0,17.45
13-Aug-2011,24.73,0.0,0.0,8.06
14-Aug-2011,26.56,0.5,0.0,18.28
15-Aug-2011,22.46,11.9,0.0,10.87
16-Aug-2011,25.01,0.0,0.0,7.99
17-Aug-2011,27.35,0.0,0.0,7.48
18-Aug-2011,32.05,0.0,0.0,6.44
19-Aug-2011,27.74,1.0,0.0,17.32
20-Aug-2011,28.53,0.0,0.0,5.56
21-Aug-2011,31.7,0.0,0.0,9.07
22-Aug-2011,31.88,0.0,0.0,6.74
23-Aug-2011,32.05,0.0,0.0,7.17
24-Aug-2011,29.37,0.5,0.0,11.82
25-Aug-2011,28.66,0.0,0.0,10.74
26-Aug-2011,29.93,1.0,0.0,30.71
27-Aug-2011,16.97,3.1,0.0,19.19
28-Aug-2011,21.13,0.0,0.0,6.74
29-Aug-2011,20.38,0.0,0.0,13.82
30-Aug-2011,20.77,0.0,0.0,9.59
31-Aug-2011,22.54,0.0,0.0,6.49
01-Sep-2011,24.92,0.0,0.0,5.69
02-Sep-2011,27.3,1.3,0.0,6.45
03-Sep-2011,28.33,0.0,0.0,9.89
04-Sep-2011,23.16,14.2,0.0,8.96
05-Sep-2011,19.76,7.8,0.0,18.81
06-Sep-2011,21.49,0.0,0.0,11.22
07-Sep-2011,21.09,0.0,0.0,24.79
08-Sep-2011,21.52,0.1,0.0,17.6
09-Sep-2011,24.57,0.0,0.0,9.2
10-Sep-2011,28.3,0.0,0.0,8.64
11-Sep-2011,26.37,4.4,0.0,16.8
12-Sep-2011,23.32,0.0,0.0,12.3
13-Sep-2011,23.97,0.3,0.0,15.83
14-Sep-2011,20.16,0.7,0.0,12.42
15-Sep-2011,20.21,0.0,0.0,5.49
16-Sep-2011,24.46,0.8,0.0,8.93
17-Sep-2011,23.01,3.2,0.0,15.84
18-Sep-2011,17.88,3.7,0.0,18.01
19-Sep-2011,13.63,2.0,0.0,14.42
20-Sep-2011,18.22,0.0,0.0,7.89
21-Sep-2011,20.04,0.0,0.0,5.43
22-Sep-2011,20.56,0.0,0.0,8.76
23-Sep-2011,20.4,0.0,0.0,8.73
24-Sep-2011,23.0,0.0,0.0,8.71
25-Sep-2011,23.83,0.0,0.0,6.68
26-Sep-2011,23.59,0.0,0.0,3.88
27-Sep-2011,24.27,0.0,0.0,6.08
28-Sep-2011,24.73,0.0,0.0,10.69
29-Sep-2011,23.91,0.0,0.0,12.77
30-Sep-2011,22.86,0.0,0.0,10.74
01-Oct-2011,23.55,0.0,0.0,7.2
02-Oct-2011,23.17,0.0,0.0,5.36
03-Oct-2011,23.32,0.0,0.0,7.89
04-Oct-2011,23.18,0.0,0.0,11.05
05-Oct-2011,20.17,0.0,0.0,11.13
06-Oct-2011,20.68,0.6,0.0,20.05
07-Oct-2011,12.98,5.5,0.0,22.52
08-Oct-2011,10.61,8.1,0.0,22.36
09-Oct-2011,13.99,4.5,0.0,13.06
10-Oct-2011,18.58,5.7,0.0,19.74
11-Oct-2011,19.24,0.0,0.0,14.98
12-Oct-2011,16.67,0.0,0.0,15.3
13-Oct-2011,16.41,0.5,0.0,11.99
14-Oct-2011,14.23,0.0,0.0,17.05
15-Oct-2011,13.52,0.0,0.0,16.32
16-Oct-2011,15.31,0.0,0.0,8.7
17-Oct-2011,16.63,0.0,0.0,8.63
18-Oct-2011,20.67,0.0,0.0,10.29
19-Oct-2011,13.26,10.7,0.0,19.8
20-Oct-2011,10.39,0.0,0.0,7.46
21-Oct-2011,11.39,0.0,0.0,9.89
22-Oct-2011,12.7,0.0,0.0,13.36
23-Oct-2011,13.62,0.0,0.0,8.34
24-Oct-2011,13.25,0.0,0.0,16.92
25-Oct-2011,15.32,0.9,0.0,14.65
26-Oct-2011,14.72,0.0,0.0,7.05
27-Oct-2011,14.9,0.0,0.0,12.51
28-Oct-2011,16.47,0.0,0.0,10.98
29-Oct-2011,16.68,0.0,0.0,8.76
30-Oct-2011,16.06,0.0,0.0,5.87
31-Oct-2011,15.96,0.0,0.0,6.07
01-Nov-2011,17.2,0.0,0.0,8.34
02-Nov-2011,16.1,0.0,0.0,14.42
03-Nov-2011,16.46,0.0,0.0,15.5
04-Nov-2011,13.37,0.0,0.0,14.28
05-Nov-2011,14.87,0.0,0.0,7.2
06-Nov-2011,15.06,0.0,0.0,7.77
07-Nov-2011,11.53,3.1,0.0,5.85
08-Nov-2011,14.27,0.0,0.0,4.65
09-Nov-2011,14.87,0.0,0.0,9.11
10-Nov-2011,12.47,0.0,0.0,3.21
11-Nov-2011,11.73,0.0,0.0,15.19
12-Nov-2011,13.62,0.0,0.0,8.46
13-Nov-2011,11.77,0.0,0.0,11.97
14-Nov-2011,9.87,0.0,0.0,7.77
15-Nov-2011,9.29,0.0,0.0,8.86
16-Nov-2011,7.25,0.0,0.0,7.03
17-Nov-2011,11.19,0.0,0.0,5.72
18-Nov-2011,11.45,0.0,0.0,8.15
19-Nov-2011,11.52,0.0,0.0,13.61
20-Nov-2011,12.32,0.0,0.0,10.54
21-Nov-2011,11.72,0.0,0.0,8.36
22-Nov-2011,10.02,0.0,0.0,4.39
23-Nov-2011,8.41,0.0,0.0,4.9
24-Nov-2011,6.18,0.0,0.0,9.42
25-Nov-2011,8.04,0.0,0.0,6.72
26-Nov-2011,7.69,0.0,0.0,7.01
27-Nov-2011,10.09,0.0,0.0,7.28
28-Nov-2011,8.36,0.1,0.0,6.08
29-Nov-2011,11.8,0.0,0.0,8.73
30-Nov-2011,12.82,0.1,0.0,8.01
01-Dec-2011,13.45,0.0,0.0,8.76
02-Dec-2011,13.17,2.3,0.0,11.5
03-Dec-2011,8.91,1.5,0.0,22.86
04-Dec-2011,12.98,2.3,0.0,25.8
05-Dec-2011,12.64,5.2,0.0,32.24
06-Dec-2011,7.01,1.1,0.0,25.14
07-Dec-2011,10.97,3.8,0.0,31.21
08-Dec-2011,9.84,0.0,0.0,21.58
09-Dec-2011,12.91,1.5,0.0,23.72
10-Dec-2011,9.04,8.2,0.0,12.89
11-Dec-2011,8.37,0.0,0.0,7.73
12-Dec-2011,9.39,4.0,0.0,25.36
13-Dec-2011,10.73,0.5,0.0,32.99
14-Dec-2011,11.36,7.6,0.0,26.2
15-Dec-2011,7.72,2.1,0.0,26.97
16-Dec-2011,10.01,13.9,0.0,55.01
17-Dec-2011,4.67,1.0,0.14,32.06
18-Dec-2011,3.57,0.3,0.21,20.59
19-Dec-2011,1.98,1.5,1.05,22.65
20-Dec-2011,4.03,5.8,0.42,32.79
21-Dec-2011,4.96,4.4,0.0,23.54
22-Dec-2011,9.0,2.9,0.0,17.32
23-Dec-2011,8.72,0.0,0.0,12.01
24-Dec-2011,6.85,2.2,0.0,25.62
25-Dec-2011,6.3,0.0,0.0,6.44
26-Dec-2011,6.76,0.0,0.0,4.86
27-Dec-2011,5.77,0.0,0.0,3.96
28-Dec-2011,7.42,0.0,0.0,6.66
29-Dec-2011,5.61,0.0,0.0,22.61
30-Dec-2011,4.76,2.4,0.0,34.83
31-Dec-2011,10.21,11.8,0.0,17.45
01-Jan-2012,14.46,0.3,0.0,16.15
02-Jan-2012,11.72,1.4,0.0,26.27
03-Jan-2012,10.3,0.6,0.0,26.08
04-Jan-2012,9.77,4.4,0.0,26.82
05-Jan-2012,9.32,3.5,0.0,39.77
06-Jan-2012,5.79,0.0,0.0,23.99
07-Jan-2012,6.7,0.4,0.0,24.7
08-Jan-2012,6.51,0.0,0.0,21.98
09-Jan-2012,6.67,0.1,0.0,13.68
10-Jan-2012,8.54,0.2,0.0,13.57
11-Jan-2012,6.53,0.0,0.0,4.91
12-Jan-2012,7.38,0.0,0.0,11.44
13-Jan-2012,5.62,1.0,0.0,12.86
14-Jan-2012,5.23,0.0,0.0,13.61
15-Jan-2012,4.75,0.0,0.0,14.98
16-Jan-2012,3.45,0.0,0.0,6.04
17-Jan-2012,4.16,0.0,0.0,8.23
18-Jan-2012,5.4,0.0,0.0,4.71
19-Jan-2012,11.06,1.0,0.0,29.99
20-Jan-2012,9.97,0.9,0.0,30.91
21-Jan-2012,10.26,5.8,0.0,31.0
22-Jan-2012,9.69,0.3,0.0,28.26
23-Jan-2012,8.13,0.1,0.0,21.11
24-Jan-2012,6.14,0.0,0.0,17.6
25-Jan-2012,7.24,0.0,0.0,10.39
26-Jan-2012,8.47,0.0,0.0,14.78
27-Jan-2012,7.78,2.1,0.0,9.2
28-Jan-2012,6.09,0.1,0.0,9.91
29-Jan-2012,5.34,0.0,0.0,14.35
30-Jan-2012,4.36,0.0,0.0,8.86
31-Jan-2012,4.09,0.3,0.21,13.85
01-Feb-2012,1.16,0.0,0.0,19.63
02-Feb-2012,-2.31,0.3,0.21,26.07
03-Feb-2012,-3.31,0.0,0.0,22.76
04-Feb-2012,-3.71,0.0,0.0,20.26
05-Feb-2012,-2.43,0.0,0.0,16.09
06-Feb-2012,-3.31,0.0,0.0,12.83
07-Feb-2012,-4.39,0.0,0.0,18.93
08-Feb-2012,-0.8,0.0,0.0,15.84
09-Feb-2012,-0.5,0.0,0.0,15.85
10-Feb-2012,-2.13,0.2,0.14,23.76
11-Feb-2012,-1.65,0.0,0.0,23.93
12-Feb-2012,-0.6,0.0,0.0,13.76
13-Feb-2012,1.17,0.0,0.0,17.6
14-Feb-2012,4.32,0.9,0.63,19.36
15-Feb-2012,5.08,3.2,0.42,39.34
16-Feb-2012,5.4,0.4,0.28,12.13
17-Feb-2012,6.9,0.0,0.0,12.57
18-Feb-2012,9.79,0.0,0.0,8.59
19-Feb-2012,6.77,1.4,0.0,20.51
20-Feb-2012,5.5,0.1,0.07,17.66
21-Feb-2012,4.57,0.0,0.0,5.15
22-Feb-2012,6.77,0.0,0.0,5.25
23-Feb-2012,8.11,0.0,0.0,8.81
24-Feb-2012,12.88,0.0,0.0,9.44
25-Feb-2012,10.66,0.7,0.0,10.21
26-Feb-2012,8.23,0.9,0.0,15.21
27-Feb-2012,8.48,0.0,0.0,4.6
28-Feb-2012,11.25,0.0,0.0,5.49
29-Feb-2012,13.84,0.0,0.0,4.9
01-Mar-2012,14.84,0.0,0.0,8.68
02-Mar-2012,16.15,0.0,0.0,5.6
03-Mar-2012,15.46,0.0,0.0,12.89
04-Mar-2012,13.77,0.0,0.0,7.17
05-Mar-2012,10.28,0.5,0.0,27.19
06-Mar-2012,8.97,0.0,0.0,8.58
07-Mar-2012,10.8,0.0,0.0,14.16
08-Mar-2012,7.34,1.6,0.0,21.62
09-Mar-2012,9.95,0.0,0.0,8.71
10-Mar-2012,11.07,0.0,0.0,9.7
11-Mar-2012,10.22,0.0,0.0,13.68
12-Mar-2012,12.95,0.0,0.0,8.03
13-Mar-2012,14.18,0.0,0.0,7.84
14-Mar-2012,14.91,0.0,0.0,8.58
15-Mar-2012,17.81,0.0,0.0,5.6
16-Mar-2012,17.75,0.0,0.0,6.07
17-Mar-2012,17.82,0.0,0.0,10.25
18-Mar-2012,11.86,11.2,0.0,14.69
19-Mar-2012,9.04,2.8,0.0,14.06
20-Mar-2012,12.61,0.0,0.0,9.7
21-Mar-2012,16.24,0.0,0.0,6.55
22-Mar-2012,16.44,0.0,0.0,7.24
23-Mar-2012,17.72,0.0,0.0,6.72
24-Mar-2012,17.82,0.0,0.0,5.59
25-Mar-2012,18.13,0.0,0.0,16.39
26-Mar-2012,17.82,0.0,0.0,8.01
27-Mar-2012,17.13,0.0,0.0,6.66
28-Mar-2012,18.94,0.0,0.0,12.55
29-Mar-2012,17.94,0.0,0.0,11.72
30-Mar-2012,14.56,0.0,0.0,14.83
31-Mar-2012,15.62,0.0,0.0,14.22
01-Apr-2012,12.84,0.2,0.0,15.68
02-Apr-2012,16.74,0.0,0.0,12.41
03-Apr-2012,16.84,0.6,0.0,17.43
04-Apr-2012,12.9,3.5,0.0,15.18
05-Apr-2012,11.81,6.1,0.0,11.72
06-Apr-2012,14.23,0.0,0.0,5.7
07-Apr-2012,11.22,0.7,0.0,14.98
08-Apr-2012,7.79,0.1,0.0,15.19
09-Apr-2012,12.97,0.7,0.0,12.08
10-Apr-2012,16.21,1.2,0.0,18.96
11-Apr-2012,11.81,8.7,0.0,14.93
12-Apr-2012,11.73,1.7,0.0,11.39
13-Apr-2012,13.56,0.0,0.0,8.27
14-Apr-2012,12.66,6.6,0.0,14.28
15-Apr-2012,10.03,12.6,0.0,22.66
16-Apr-2012,9.91,5.7,0.0,23.88
17-Apr-2012,12.11,0.0,0.0,7.53
18-Apr-2012,13.19,0.3,0.0,14.8
19-Apr-2012,12.03,0.7,0.0,12.05
20-Apr-2012,10.99,0.1,0.0,19.71
21-Apr-2012,12.88,9.4,0.0,25.1
22-Apr-2012,10.04,1.9,0.0,21.15
23-Apr-2012,14.81,0.6,0.0,21.1
24-Apr-2012,11.05,0.6,0.0,24.4
25-Apr-2012,16.06,0.0,0.0,20.03
26-Apr-2012,21.9,0.0,0.0,17.61
27-Apr-2012,24.0,0.0,0.0,14.5
28-Apr-2012,27.35,0.0,0.0,15.85
29-Apr-2012,21.5,2.6,0.0,20.3
30-Apr-2012,21.6,0.0,0.0,21.37
01-May-2012,19.02,5.8,0.0,10.03
02-May-2012,17.52,14.7,0.0,15.46
03-May-2012,19.0,0.0,0.0,5.25
04-May-2012,21.47,0.7,0.0,16.13
05-May-2012,17.0,4.9,0.0,20.47
06-May-2012,14.93,10.3,0.0,12.13
07-May-2012,15.91,0.0,0.0,12.89
08-May-2012,21.57,1.9,0.0,16.95
09-May-2012,19.5,1.5,0.0,7.63
10-May-2012,26.31,0.0,0.0,7.08
11-May-2012,28.03,0.4,0.0,13.98
12-May-2012,19.11,7.9,0.0,17.64
13-May-2012,15.26,0.0,0.0,12.91
14-May-2012,16.82,0.0,0.0,5.82
15-May-2012,12.44,1.3,0.0,20.82
16-May-2012,9.88,0.1,0.0,20.02
17-May-2012,16.67,0.0,0.0,17.9
18-May-2012,18.34,1.2,0.0,15.73
19-May-2012,23.46,0.9,0.0,15.27
20-May-2012,23.7,0.0,0.0,14.69
21-May-2012,19.24,4.3,0.0,14.92
22-May-2012,20.78,15.8,0.0,12.27
23-May-2012,20.37,0.2,0.0,9.36
24-May-2012,26.91,0.0,0.0,12.66
25-May-2012,23.41,0.1,0.0,17.95
26-May-2012,23.09,0.0,0.0,16.27
27-May-2012,21.25,0.0,0.0,11.99
28-May-2012,22.14,0.0,0.0,9.7
29-May-2012,23.34,0.0,0.0,11.2
30-May-2012,24.25,0.3,0.0,9.55
31-May-2012,23.64,0.9,0.0,13.23
01-Jun-2012,20.79,0.0,0.0,12.8
02-Jun-2012,24.43,0.0,0.0,6.01
03-Jun-2012,23.06,2.8,0.0,22.01
04-Jun-2012,17.32,0.2,0.0,18.48
05-Jun-2012,17.71,0.0,0.0,16.36
06-Jun-2012,19.27,3.0,0.0,16.69
07-Jun-2012,26.12,3.2,0.0,21.9
08-Jun-2012,18.28,11.5,0.0,13.32
09-Jun-2012,19.05,0.0,0.0,12.51
10-Jun-2012,18.4,1.5,0.0,6.91
11-Jun-2012,17.4,3.2,0.0,11.65
12-Jun-2012,15.01,23.1,0.0,17.05
13-Jun-2012,14.98,1.2,0.0,16.84
14-Jun-2012,20.46,0.0,0.0,5.12
15-Jun-2012,25.8,0.0,0.0,12.62
16-Jun-2012,27.29,0.0,0.0,10.28
17-Jun-2012,23.57,0.0,0.0,9.46
18-Jun-2012,27.69,0.0,0.0,16.48
19-Jun-2012,27.4,1.9,0.0,14.28
20-Jun-2012,21.38,12.1,0.0,8.17
21-Jun-2012,27.25,0.7,0.0,12.57
22-Jun-2012,21.05,0.0,0.0,15.19
23-Jun-2012,22.53,0.0,0.0,9.65
24-Jun-2012,24.49,0.0,0.0,17.61
25-Jun-2012,20.82,3.1,0.0,19.45
26-Jun-2012,21.03,0.8,0.0,12.55
27-Jun-2012,25.5,0.0,0.0,8.01
28-Jun-2012,29.85,0.0,0.0,15.46
29-Jun-2012,32.19,0.0,0.0,13.45
30-Jun-2012,29.0,0.2,0.0,11.57
01-Jul-2012,21.87,9.6,0.0,15.83
02-Jul-2012,18.74,13.3,0.0,9.38
03-Jul-2012,21.37,0.3,0.0,6.58
04-Jul-2012,25.18,0.5,0.0,10.79
05-Jul-2012,27.5,1.2,0.0,9.25
06-Jul-2012,22.28,5.6,0.0,12.23
07-Jul-2012,25.01,0.2,0.0,8.87
08-Jul-2012,23.34,3.2,0.0,16.52
09-Jul-2012,23.02,0.0,0.0,10.37
10-Jul-2012,23.71,0.6,0.0,8.47
11-Jul-2012,20.64,0.3,0.0,19.49
12-Jul-2012,19.36,0.1,0.0,17.92
13-Jul-2012,22.93,0.2,0.0,19.85
14-Jul-2012,20.13,0.0,0.0,25.23
15-Jul-2012,15.88,1.7,0.0,16.25
16-Jul-2012,20.08,0.0,0.0,13.75
17-Jul-2012,21.51,0.0,0.0,20.76
18-Jul-2012,26.51,0.0,0.0,14.43
19-Jul-2012,22.16,0.0,0.0,21.35
20-Jul-2012,18.46,9.6,0.0,8.58
21-Jul-2012,17.89,1.6,0.0,11.9
22-Jul-2012,20.57,0.0,0.0,12.66
23-Jul-2012,23.06,0.0,0.0,17.86
24-Jul-2012,26.51,0.0,0.0,9.35
25-Jul-2012,28.92,0.0,0.0,11.19
26-Jul-2012,30.38,0.0,0.0,8.36
27-Jul-2012,31.75,0.0,0.0,6.71
28-Jul-2012,22.89,0.9,0.0,12.32
29-Jul-2012,21.64,0.4,0.0,16.06
30-Jul-2012,22.81,0.1,0.0,9.91
31-Jul-2012,24.44,0.0,0.0,6.24
01-Aug-2012,29.23,0.2,0.0,14.84
02-Aug-2012,25.45,0.0,0.0,9.3
03-Aug-2012,23.47,0.7,0.0,9.99
04-Aug-2012,25.83,0.3,0.0,5.85
05-Aug-2012,25.5,4.4,0.0,11.24
06-Aug-2012,20.07,4.4,0.0,16.33
07-Aug-2012,21.31,0.0,0.0,13.01
08-Aug-2012,23.37,0.0,0.0,11.53
09-Aug-2012,24.67,0.0,0.0,9.63
10-Aug-2012,23.93,0.0,0.0,9.86
11-Aug-2012,24.22,0.0,0.0,11.57
12-Aug-2012,24.86,0.0,0.0,14.06
13-Aug-2012,23.56,0.0,0.0,7.74
14-Aug-2012,26.34,0.0,0.0,5.33
15-Aug-2012,30.99,0.4,0.0,13.63
16-Aug-2012,23.96,4.4,0.0,12.88
17-Aug-2012,26.56,0.0,0.0,9.77
18-Aug-2012,30.11,0.0,0.0,13.12
19-Aug-2012,31.74,0.0,0.0,12.07
20-Aug-2012,31.38,0.1,0.0,10.28
21-Aug-2012,31.61,0.0,0.0,11.08
22-Aug-2012,26.72,0.0,0.0,9.89
23-Aug-2012,26.67,3.8,0.0,8.46
24-Aug-2012,24.35,4.3,0.0,13.51
25-Aug-2012,24.49,9.1,0.0,16.84
26-Aug-2012,19.26,0.0,0.0,19.72
27-Aug-2012,22.79,0.0,0.0,12.41
28-Aug-2012,24.86,0.0,0.0,10.94
29-Aug-2012,27.55,0.8,0.0,8.95
30-Aug-2012,21.98,1.5,0.0,10.66
31-Aug-2012,15.46,1.2,0.0,17.4
01-Sep-2012,17.07,2.3,0.0,18.57
02-Sep-2012,20.12,0.0,0.0,9.59
03-Sep-2012,23.86,0.0,0.0,12.36
04-Sep-2012,24.8,0.0,0.0,9.24
05-Sep-2012,23.41,0.0,0.0,9.86
06-Sep-2012,21.89,0.1,0.0,9.44
07-Sep-2012,23.03,0.0,0.0,6.15
08-Sep-2012,24.95,0.0,0.0,9.01
09-Sep-2012,26.86,0.0,0.0,7.87
10-Sep-2012,26.47,0.0,0.0,4.8
11-Sep-2012,25.08,2.7,0.0,14.28
12-Sep-2012,17.28,12.6,0.0,18.84
13-Sep-2012,16.32,1.0,0.0,8.03
14-Sep-2012,19.1,0.0,0.0,8.83
15-Sep-2012,19.33,0.0,0.0,7.27
16-Sep-2012,21.7,0.0,0.0,9.68
17-Sep-2012,22.92,0.0,0.0,9.72
18-Sep-2012,23.72,4.4,0.0,17.82
19-Sep-2012,15.95,7.0,0.0,14.9
20-Sep-2012,16.68,0.0,0.0,7.08
21-Sep-2012,23.23,0.0,0.0,11.13
22-Sep-2012,16.65,3.1,0.0,18.98
23-Sep-2012,24.69,0.0,0.0,14.9
24-Sep-2012,20.05,3.7,0.0,28.31
25-Sep-2012,22.14,5.1,0.0,15.61
26-Sep-2012,17.15,7.1,0.0,18.93
27-Sep-2012,17.81,0.1,0.0,20.9
28-Sep-2012,17.74,0.0,0.0,6.81
29-Sep-2012,17.11,0.0,0.0,7.54
30-Sep-2012,17.08,0.0,0.0,9.77
01-Oct-2012,16.42,0.0,0.0,7.03
02-Oct-2012,18.09,0.0,0.0,8.89
03-Oct-2012,19.67,0.0,0.0,11.8
04-Oct-2012,19.67,1.1,0.0,26.47
05-Oct-2012,21.99,0.0,0.0,13.85
06-Oct-2012,22.9,0.0,0.0,14.41
07-Oct-2012,17.61,2.4,0.0,14.54
08-Oct-2012,17.5,1.3,0.0,13.99
09-Oct-2012,17.78,11.6,0.0,17.85
10-Oct-2012,13.38,9.8,0.0,7.27
11-Oct-2012,18.2,0.3,0.0,12.15
12-Oct-2012,16.07,2.2,0.0,21.85
13-Oct-2012,15.98,0.0,0.0,9.53
14-Oct-2012,17.87,0.8,0.0,20.05
15-Oct-2012,11.48,0.0,0.0,23.72
16-Oct-2012,16.13,0.0,0.0,8.28
17-Oct-2012,20.14,0.0,0.0,8.21
18-Oct-2012,20.83,0.0,0.0,4.72
19-Oct-2012,23.16,0.0,0.0,4.9
20-Oct-2012,22.97,0.0,0.0,5.31
21-Oct-2012,23.31,0.0,0.0,3.22
22-Oct-2012,21.95,0.0,0.0,4.17
23-Oct-2012,14.7,0.0,0.0,7.33
24-Oct-2012,14.22,0.0,0.0,11.61
25-Oct-2012,15.44,0.0,0.0,5.15
26-Oct-2012,13.44,3.2,0.0,10.98
27-Oct-2012,7.2,25.4,8.61,27.16
28-Oct-2012,4.53,0.0,0.0,28.07
29-Oct-2012,5.76,0.0,0.0,11.46
30-Oct-2012,10.33,0.0,0.0,8.28
31-Oct-2012,11.47,0.0,0.0,13.75
01-Nov-2012,13.34,1.9,0.0,26.76
02-Nov-2012,13.4,1.7,0.0,34.67
03-Nov-2012,17.56,0.0,0.0,25.29
04-Nov-2012,17.35,10.6,0.0,13.38
05-Nov-2012,10.61,8.4,0.0,17.33
06-Nov-2012,8.24,5.5,0.0,12.92
07-Nov-2012,10.5,0.0,0.0,15.0
08-Nov-2012,11.42,0.0,0.0,5.99
09-Nov-2012,14.28,0.0,0.0,12.66
10-Nov-2012,15.08,11.0,0.0,16.18
11-Nov-2012,10.35,16.2,0.0,8.82
12-Nov-2012,8.75,0.0,0.0,6.97
13-Nov-2012,9.14,0.0,0.0,6.24
14-Nov-2012,11.18,0.0,0.0,13.61
15-Nov-2012,9.19,0.0,0.0,7.77
16-Nov-2012,9.73,0.0,0.0,4.8
17-Nov-2012,11.87,0.0,0.0,5.99
18-Nov-2012,12.26,0.0,0.0,6.35
19-Nov-2012,10.61,0.0,0.0,4.3
20-Nov-2012,9.6,0.0,0.0,6.27
21-Nov-2012,11.81,0.2,0.0,8.5
22-Nov-2012,10.4,1.3,0.0,5.33
23-Nov-2012,12.42,0.0,0.0,8.99
24-Nov-2012,13.4,0.0,0.0,10.62
25-Nov-2012,12.89,0.0,0.0,17.58
26-Nov-2012,10.41,11.6,0.0,15.4
27-Nov-2012,8.12,10.7,0.0,9.09
28-Nov-2012,6.49,13.5,0.0,17.58
29-Nov-2012,5.24,16.6,3.08,21.6
30-Nov-2012,4.25,0.0,0.0,11.57
01-Dec-2012,3.06,0.0,0.0,8.74
02-Dec-2012,2.91,1.0,0.7,34.45
03-Dec-2012,5.94,0.2,0.07,32.89
04-Dec-2012,7.55,1.2,0.0,44.51
05-Dec-2012,4.09,8.6,5.81,22.99
06-Dec-2012,1.78,0.3,0.14,18.09
07-Dec-2012,2.14,10.5,6.86,36.31
08-Dec-2012,1.81,1.0,0.7,33.09
09-Dec-2012,2.05,0.1,0.07,36.93
10-Dec-2012,3.6,0.7,0.07,41.66
11-Dec-2012,1.11,0.1,0.0,15.99
12-Dec-2012,-0.48,0.0,0.0,20.53
13-Dec-2012,3.6,2.9,0.0,18.11
14-Dec-2012,7.02,6.4,0.0,23.72
15-Dec-2012,9.89,14.7,0.0,20.54
16-Dec-2012,8.98,5.9,0.0,25.59
17-Dec-2012,9.2,5.5,0.0,21.84
18-Dec-2012,7.66,7.5,0.0,21.33
19-Dec-2012,6.22,0.0,0.0,13.48
20-Dec-2012,4.03,4.9,0.0,18.23
21-Dec-2012,9.05,0.1,0.0,14.86
22-Dec-2012,9.84,5.2,0.0,11.72
23-Dec-2012,15.99,0.0,0.0,24.09
24-Dec-2012,15.1,0.0,0.0,6.93
25-Dec-2012,14.3,2.8,0.0,20.31
26-Dec-2012,8.91,0.1,0.0,22.69
27-Dec-2012,11.56,5.6,0.0,33.3
28-Dec-2012,9.26,0.0,0.0,25.64
29-Dec-2012,11.14,0.0,0.0,13.23
30-Dec-2012,10.19,0.0,0.0,19.85
31-Dec-2012,9.28,0.0,0.0,8.82
01-Jan-2013,7.96,1.8,0.0,18.79
02-Jan-2013,6.44,0.7,0.0,10.4
03-Jan-2013,8.33,0.0,0.0,8.86
04-Jan-2013,11.13,0.1,0.0,12.52
05-Jan-2013,8.16,0.0,0.0,11.19
06-Jan-2013,7.41,0.0,0.0,8.12
07-Jan-2013,8.86,0.0,0.0,5.29
08-Jan-2013,8.58,0.0,0.0,3.58
09-Jan-2013,8.23,0.0,0.0,7.73
10-Jan-2013,5.71,4.8,0.0,13.12
11-Jan-2013,5.87,8.1,1.19,15.0
12-Jan-2013,5.78,0.0,0.0,13.18
13-Jan-2013,4.77,0.1,0.07,12.33
14-Jan-2013,2.5,0.6,0.42,12.52
15-Jan-2013,3.01,0.9,0.63,16.84
16-Jan-2013,0.71,0.1,0.07,33.7
17-Jan-2013,-0.26,2.4,1.68,21.58
18-Jan-2013,1.23,0.1,0.07,27.46
19-Jan-2013,2.89,5.1,1.75,27.89
20-Jan-2013,4.86,2.1,0.28,26.27
21-Jan-2013,6.25,0.8,0.07,23.5
22-Jan-2013,5.26,0.0,0.0,18.23
23-Jan-2013,5.48,0.0,0.0,11.1
24-Jan-2013,3.78,0.0,0.0,15.46
25-Jan-2013,1.54,0.0,0.0,9.12
26-Jan-2013,4.9,0.0,0.0,19.58
27-Jan-2013,7.52,0.3,0.0,13.51
28-Jan-2013,10.16,1.6,0.0,15.56
29-Jan-2013,11.87,0.0,0.0,20.58
30-Jan-2013,16.37,2.7,0.0,25.47
31-Jan-2013,13.11,0.1,0.0,25.29
01-Feb-2013,12.88,9.2,0.0,22.31
02-Feb-2013,10.03,16.5,1.47,25.36
03-Feb-2013,5.48,0.1,0.07,32.88
04-Feb-2013,9.18,0.7,0.0,40.52
05-Feb-2013,8.65,4.9,0.56,31.52
06-Feb-2013,5.72,1.7,1.19,38.1
07-Feb-2013,3.81,9.6,6.72,27.97
08-Feb-2013,2.55,3.8,2.66,20.03
09-Feb-2013,1.38,0.1,0.07,21.11
10-Feb-2013,1.53,0.0,0.0,18.15
11-Feb-2013,7.77,5.2,3.5,32.78
12-Feb-2013,3.88,3.5,2.45,14.54
13-Feb-2013,2.36,0.0,0.0,15.52
14-Feb-2013,4.18,0.0,0.0,13.61
15-Feb-2013,6.26,2.0,0.49,24.15
16-Feb-2013,7.36,0.0,0.0,8.86
17-Feb-2013,7.79,0.0,0.0,16.8
18-Feb-2013,7.72,0.0,0.0,15.5
19-Feb-2013,9.45,0.0,0.0,12.22
20-Feb-2013,5.7,0.2,0.0,14.21
21-Feb-2013,3.32,0.0,0.0,20.57
22-Feb-2013,1.64,0.0,0.0,19.8
23-Feb-2013,1.89,0.0,0.0,14.77
24-Feb-2013,1.49,0.3,0.21,18.38
25-Feb-2013,3.89,0.0,0.0,9.76
26-Feb-2013,7.44,0.1,0.0,15.57
27-Feb-2013,10.45,0.0,0.0,11.53
28-Feb-2013,9.99,0.0,0.0,8.61
01-Mar-2013,8.82,0.0,0.0,11.2
02-Mar-2013,8.23,0.0,0.0,11.13
03-Mar-2013,8.61,0.0,0.0,6.85
04-Mar-2013,13.17,0.0,0.0,18.12
05-Mar-2013,14.19,0.0,0.0,14.9
06-Mar-2013,14.84,0.0,0.0,14.35
07-Mar-2013,17.01,0.5,0.0,7.69
08-Mar-2013,16.94,0.0,0.0,16.58
09-Mar-2013,14.09,0.0,0.0,19.14
10-Mar-2013,13.61,2.5,0.0,14.6
11-Mar-2013,12.23,0.2,0.0,9.09
12-Mar-2013,11.57,2.1,0.0,17.37
13-Mar-2013,5.19,0.0,0.0,22.94
14-Mar-2013,3.34,0.0,0.0,20.25
15-Mar-2013,4.83,0.0,0.0,16.29
16-Mar-2013,10.62,0.0,0.0,18.41
17-Mar-2013,11.03,1.6,0.28,28.86
18-Mar-2013,7.6,4.4,0.0,13.48
19-Mar-2013,10.71,0.0,0.0,21.72
20-Mar-2013,9.64,2.2,0.0,18.81
21-Mar-2013,10.28,0.0,0.0,13.1
22-Mar-2013,14.85,0.0,0.0,13.71
23-Mar-2013,12.92,0.6,0.0,18.92
24-Mar-2013,11.73,0.0,0.0,16.95
25-Mar-2013,7.71,0.6,0.35,11.99
26-Mar-2013,3.8,1.1,0.77,18.66
27-Mar-2013,10.05,0.0,0.0,17.45
28-Mar-2013,10.52,2.6,0.0,15.72
29-Mar-2013,11.4,0.7,0.0,15.99
30-Mar-2013,8.88,2.1,0.0,14.32
31-Mar-2013,6.95,1.0,0.63,21.79
01-Apr-2013,11.55,0.0,0.0,20.25
02-Apr-2013,12.91,0.0,0.0,10.15
03-Apr-2013,12.43,0.0,0.0,14.35
04-Apr-2013,14.91,0.0,0.0,12.73
05-Apr-2013,13.17,0.0,0.0,13.05
06-Apr-2013,12.21,0.0,0.0,17.61
07-Apr-2013,11.87,0.0,0.0,14.93
08-Apr-2013,9.96,3.6,0.0,14.78
09-Apr-2013,12.32,1.2,0.0,24.91
10-Apr-2013,15.08,0.8,0.0,25.68
11-Apr-2013,19.3,7.5,0.0,17.71
12-Apr-2013,14.41,1.7,0.0,25.36
13-Apr-2013,17.22,0.0,0.0,15.26
14-Apr-2013,23.7,0.0,0.0,12.77
15-Apr-2013,24.13,0.0,0.0,10.61
16-Apr-2013,21.71,0.4,0.0,11.99
17-Apr-2013,25.43,0.0,0.0,8.23
18-Apr-2013,21.45,0.3,0.0,19.84
19-Apr-2013,15.09,2.8,0.0,16.65
20-Apr-2013,13.65,5.6,0.0,24.68
21-Apr-2013,13.34,0.0,0.0,9.77
22-Apr-2013,15.69,0.0,0.0,11.47
23-Apr-2013,18.49,0.0,0.0,5.54
24-Apr-2013,22.22,0.0,0.0,5.69
25-Apr-2013,25.12,0.0,0.0,8.94
26-Apr-2013,24.09,0.6,0.0,17.25
27-Apr-2013,16.26,4.5,0.0,20.35
28-Apr-2013,14.42,1.2,0.0,11.8
29-Apr-2013,12.68,3.0,0.0,9.38
30-Apr-2013,17.22,0.1,0.0,20.03
01-May-2013,21.17,1.0,0.0,18.12
02-May-2013,20.76,2.3,0.0,7.76
03-May-2013,15.68,14.2,0.0,13.19
04-May-2013,16.9,3.6,0.0,13.7
05-May-2013,22.62,0.0,0.0,9.59
06-May-2013,20.79,0.3,0.0,12.18
07-May-2013,21.07,0.0,0.0,10.69
08-May-2013,22.44,0.0,0.0,5.39
09-May-2013,19.73,1.0,0.0,9.61
10-May-2013,15.61,4.5,0.0,12.57
11-May-2013,14.06,2.6,0.0,14.98
12-May-2013,12.43,5.4,0.0,18.91
13-May-2013,15.76,0.0,0.0,16.03
14-May-2013,19.19,0.0,0.0,8.33
15-May-2013,19.57,1.7,0.0,14.78
16-May-2013,14.47,0.9,0.0,18.65
17-May-2013,15.3,13.2,0.0,11.77
18-May-2013,22.05,0.0,0.0,22.21
19-May-2013,17.69,1.1,0.0,16.78
20-May-2013,15.92,0.8,0.0,17.57
21-May-2013,14.51,8.8,0.0,9.55
22-May-2013,12.88,4.0,0.0,14.4
23-May-2013,14.33,0.5,0.0,25.86
24-May-2013,10.81,0.0,0.0,10.62
25-May-2013,12.68,0.0,0.0,15.83
26-May-2013,13.02,0.0,0.0,23.98
27-May-2013,18.74,0.0,0.0,13.36
28-May-2013,21.44,0.3,0.0,19.07
29-May-2013,13.53,2.5,0.0,15.39
30-May-2013,15.58,0.0,0.0,10.29
31-May-2013,15.34,10.8,0.0,25.51
01-Jun-2013,16.74,8.1,0.0,21.16
02-Jun-2013,18.58,0.0,0.0,18.45
03-Jun-2013,17.54,0.0,0.0,19.14
04-Jun-2013,22.11,0.0,0.0,9.89
05-Jun-2013,24.1,0.0,0.0,5.62
06-Jun-2013,25.49,0.0,0.0,11.0
07-Jun-2013,25.64,0.0,0.0,5.87
08-Jun-2013,27.06,0.1,0.0,15.19
09-Jun-2013,22.41,3.1,0.0,13.89
10-Jun-2013,20.0,0.0,0.0,15.33
11-Jun-2013,21.4,0.0,0.0,9.59
12-Jun-2013,24.24,0.0,0.0,9.95
13-Jun-2013,29.07,4.0,0.0,20.69
14-Jun-2013,22.41,6.2,0.0,9.63
15-Jun-2013,25.56,0.0,0.0,19.56
16-Jun-2013,28.03,0.0,0.0,6.59
17-Jun-2013,34.84,0.0,0.0,11.72
18-Jun-2013,35.24,0.0,0.0,14.12
19-Jun-2013,34.22,0.0,0.0,14.31
20-Jun-2013,24.74,6.8,0.0,15.0
21-Jun-2013,22.62,0.0,0.0,13.75
22-Jun-2013,23.09,0.1,0.0,10.56
23-Jun-2013,19.6,0.0,0.0,20.5
24-Jun-2013,16.46,1.0,0.0,15.44
25-Jun-2013,17.21,1.2,0.0,11.46
26-Jun-2013,19.24,0.0,0.0,13.39
27-Jun-2013,16.15,1.1,0.0,11.5
28-Jun-2013,19.85,0.0,0.0,8.94
29-Jun-2013,17.93,6.4,0.0,19.48
30-Jun-2013,21.81,0.0,0.0,8.86
01-Jul-2013,25.55,0.0,0.0,4.34
02-Jul-2013,27.96,0.5,0.0,11.12
03-Jul-2013,22.4,12.1,0.0,16.83
04-Jul-2013,21.75,0.0,0.0,13.06
05-Jul-2013,26.13,0.0,0.0,10.4
06-Jul-2013,28.87,0.0,0.0,13.49
07-Jul-2013,28.71,0.0,0.0,15.6
08-Jul-2013,28.59,0.0,0.0,15.72
09-Jul-2013,25.19,0.3,0.0,7.77
10-Jul-2013,28.47,0.0,0.0,7.63
11-Jul-2013,24.88,0.0,0.0,16.43
12-Jul-2013,26.06,0.0,0.0,8.26
13-Jul-2013,26.66,0.0,0.0,11.72
14-Jul-2013,27.41,0.0,0.0,14.14
15-Jul-2013,26.9,0.0,0.0,16.3
16-Jul-2013,29.2,0.0,0.0,5.25
17-Jul-2013,28.55,0.9,0.0,12.66
18-Jul-2013,27.34,1.0,0.0,10.42
19-Jul-2013,29.4,0.0,0.0,10.57
20-Jul-2013,30.33,0.0,0.0,8.01
21-Jul-2013,31.35,0.0,0.0,7.58
22-Jul-2013,32.29,0.0,0.0,6.42
23-Jul-2013,33.03,1.3,0.0,7.2
24-Jul-2013,27.64,3.1,0.0,10.13
25-Jul-2013,29.37,0.0,0.0,8.01
26-Jul-2013,34.06,0.0,0.0,13.59
27-Jul-2013,36.22,0.0,0.0,10.93
28-Jul-2013,31.73,1.7,0.0,19.37
29-Jul-2013,20.8,37.4,0.0,14.42
30-Jul-2013,24.96,0.0,0.0,12.17
31-Jul-2013,27.9,0.0,0.0,9.01
01-Aug-2013,32.36,0.0,0.0,13.34
02-Aug-2013,35.84,0.0,0.0,10.74
03-Aug-2013,29.26,0.0,0.0,15.19
04-Aug-2013,29.4,0.4,0.0,8.95
05-Aug-2013,33.12,0.0,0.0,9.89
06-Aug-2013,29.69,0.3,0.0,15.09
07-Aug-2013,27.47,2.2,0.0,16.77
08-Aug-2013,22.74,5.7,0.0,9.8
09-Aug-2013,23.73,0.0,0.0,9.99
10-Aug-2013,25.21,0.0,0.0,10.49
11-Aug-2013,25.2,0.0,0.0,10.54
12-Aug-2013,27.31,0.0,0.0,11.39
13-Aug-2013,23.55,0.0,0.0,11.5
14-Aug-2013,22.48,0.0,0.0,10.98
15-Aug-2013,24.98,0.0,0.0,5.12
16-Aug-2013,28.52,0.0,0.0,12.32
17-Aug-2013,28.42,0.0,0.0,12.08
18-Aug-2013,28.75,0.0,0.0,10.82
19-Aug-2013,24.42,5.8,0.0,18.38
20-Aug-2013,22.81,0.0,0.0,8.5
21-Aug-2013,25.81,0.0,0.0,12.04
22-Aug-2013,26.2,0.0,0.0,7.76
23-Aug-2013,28.07,0.0,0.0,8.37
24-Aug-2013,23.43,23.9,0.0,15.89
25-Aug-2013,20.8,0.0,0.0,15.03
26-Aug-2013,20.61,0.0,0.0,6.71
27-Aug-2013,17.75,2.9,0.0,5.65
28-Aug-2013,20.24,0.9,0.0,7.08
29-Aug-2013,23.87,0.0,0.0,6.08
30-Aug-2013,24.42,0.0,0.0,3.88
31-Aug-2013,24.26,0.0,0.0,10.79
01-Sep-2013,19.9,0.2,0.0,12.08
02-Sep-2013,23.31,0.0,0.0,7.77
03-Sep-2013,26.74,0.0,0.0,6.44
04-Sep-2013,29.05,0.0,0.0,9.11
05-Sep-2013,30.16,0.0,0.0,6.32
06-Sep-2013,29.35,0.4,0.0,12.18
07-Sep-2013,26.65,3.5,0.0,9.65
08-Sep-2013,22.14,7.4,0.0,14.74
09-Sep-2013,20.55,5.3,0.0,17.32
10-Sep-2013,17.04,2.7,0.0,16.22
11-Sep-2013,17.79,1.2,0.0,18.01
12-Sep-2013,15.69,1.2,0.0,17.33
13-Sep-2013,19.97,0.0,0.0,8.68
14-Sep-2013,22.16,0.8,0.0,12.05
15-Sep-2013,20.11,9.4,0.0,18.09
16-Sep-2013,16.28,0.4,0.0,17.08
17-Sep-2013,14.94,0.7,0.0,20.54
18-Sep-2013,18.99,3.1,0.0,28.82
19-Sep-2013,16.75,1.5,0.0,16.3
20-Sep-2013,18.84,0.5,0.0,16.72
21-Sep-2013,20.52,0.0,0.0,8.34
22-Sep-2013,22.16,0.0,0.0,10.7
23-Sep-2013,22.31,0.0,0.0,7.01
24-Sep-2013,24.53,0.0,0.0,11.04
25-Sep-2013,24.83,0.0,0.0,13.85
26-Sep-2013,24.42,1.4,0.0,8.79
27-Sep-2013,23.8,0.0,0.0,5.07
28-Sep-2013,25.45,0.0,0.0,5.31
29-Sep-2013,20.23,0.9,0.0,9.43
30-Sep-2013,19.79,0.0,0.0,9.65
01-Oct-2013,19.09,0.2,0.0,9.09
02-Oct-2013,20.72,0.0,0.0,6.85
03-Oct-2013,23.28,0.2,0.0,4.56
04-Oct-2013,25.44,0.1,0.0,3.46
05-Oct-2013,19.54,20.1,0.0,9.86
06-Oct-2013,15.78,6.1,0.0,6.71
07-Oct-2013,16.27,0.0,0.0,5.76
08-Oct-2013,17.3,0.0,0.0,3.5
09-Oct-2013,17.18,0.0,0.0,6.72
10-Oct-2013,14.0,16.0,0.0,14.13
11-Oct-2013,9.97,2.6,0.0,8.1
12-Oct-2013,10.85,2.8,0.0,9.06
13-Oct-2013,16.22,0.7,0.0,12.8
14-Oct-2013,16.26,0.4,0.0,12.86
15-Oct-2013,17.77,0.2,0.0,20.75
16-Oct-2013,15.57,6.7,0.0,16.36
17-Oct-2013,17.25,0.2,0.0,19.18
18-Oct-2013,17.96,0.0,0.0,8.26
19-Oct-2013,21.64,1.2,0.0,11.83
20-Oct-2013,19.46,1.3,0.0,15.72
21-Oct-2013,19.68,0.0,0.0,9.8
22-Oct-2013,22.11,0.0,0.0,15.97
23-Oct-2013,18.93,3.0,0.0,11.05
24-Oct-2013,19.18,0.0,0.0,7.48
25-Oct-2013,22.05,0.0,0.0,10.48
26-Oct-2013,20.94,0.0,0.0,8.01
27-Oct-2013,20.14,1.5,0.0,27.31
28-Oct-2013,22.8,0.0,0.0,25.27
29-Oct-2013,14.72,4.6,0.0,15.47
30-Oct-2013,12.06,0.0,0.0,7.95
31-Oct-2013,12.03,0.0,0.0,5.49
01-Nov-2013,13.55,0.0,0.0,8.1
02-Nov-2013,18.24,0.5,0.0,22.49
03-Nov-2013,14.35,16.1,0.0,24.49
04-Nov-2013,13.26,0.5,0.0,35.75
05-Nov-2013,12.86,0.7,0.0,22.99
06-Nov-2013,15.94,0.2,0.0,26.99
07-Nov-2013,19.24,0.0,0.0,18.65
08-Nov-2013,16.1,2.2,0.0,15.83
09-Nov-2013,12.98,1.1,0.0,17.32
10-Nov-2013,10.89,9.3,0.0,30.43
11-Nov-2013,9.18,0.0,0.0,14.42
12-Nov-2013,8.49,0.0,0.0,13.82
13-Nov-2013,11.5,0.0,0.0,9.66
14-Nov-2013,6.33,0.0,0.0,18.43
15-Nov-2013,9.06,0.3,0.0,22.26
16-Nov-2013,7.21,0.0,0.0,7.08
17-Nov-2013,9.46,0.0,0.0,6.13
18-Nov-2013,12.91,0.0,0.0,6.01
19-Nov-2013,8.94,2.1,0.0,16.79
20-Nov-2013,6.05,9.1,0.0,13.4
21-Nov-2013,4.99,0.8,0.07,15.0
22-Nov-2013,3.69,3.4,2.17,14.1
23-Nov-2013,8.2,3.7,0.0,18.4
24-Nov-2013,8.1,3.2,0.0,17.57
25-Nov-2013,4.57,0.2,0.07,20.69
26-Nov-2013,4.0,0.1,0.07,18.85
27-Nov-2013,4.02,0.0,0.0,17.04
28-Nov-2013,3.32,0.0,0.0,6.32
29-Nov-2013,6.7,0.3,0.0,22.88
30-Nov-2013,6.49,2.9,0.0,29.44
01-Dec-2013,7.12,0.0,0.0,13.71
02-Dec-2013,8.2,0.0,0.0,18.94
03-Dec-2013,6.96,0.0,0.0,16.49
04-Dec-2013,7.95,0.0,0.0,15.53
05-Dec-2013,7.3,0.0,0.0,32.81
06-Dec-2013,5.71,1.0,0.0,35.12
07-Dec-2013,5.8,0.0,0.0,12.59
08-Dec-2013,7.25,0.0,0.0,6.6
09-Dec-2013,8.29,0.0,0.0,4.47
10-Dec-2013,7.37,0.0,0.0,5.49
11-Dec-2013,8.25,0.0,0.0,7.58
12-Dec-2013,7.1,0.0,0.0,4.26
13-Dec-2013,6.19,0.0,0.0,6.08
14-Dec-2013,6.45,2.0,0.0,16.52
15-Dec-2013,9.19,0.0,0.0,7.52
16-Dec-2013,9.23,0.0,0.0,6.83
17-Dec-2013,8.32,0.0,0.0,6.07
18-Dec-2013,10.28,0.0,0.0,10.96
19-Dec-2013,9.46,6.0,0.0,19.23
20-Dec-2013,9.68,4.8,0.0,14.43
21-Dec-2013,10.65,0.0,0.0,10.7
22-Dec-2013,14.25,0.0,0.0,22.29
23-Dec-2013,12.75,0.0,0.0,22.25
24-Dec-2013,13.09,0.0,0.0,16.22
25-Dec-2013,8.3,21.1,0.0,10.94
26-Dec-2013,5.46,13.6,0.0,18.72
27-Dec-2013,8.69,0.0,0.0,14.66
28-Dec-2013,8.26,6.4,0.0,12.01
29-Dec-2013,8.18,0.0,0.0,26.31
30-Dec-2013,7.15,0.0,0.0,12.32
31-Dec-2013,8.09,0.0,0.0,12.63
01-Jan-2014,10.66,0.0,0.0,10.2
02-Jan-2014,11.86,3.2,0.0,22.59
03-Jan-2014,12.04,0.9,0.0,26.17
04-Jan-2014,8.75,5.0,0.0,18.48
05-Jan-2014,8.42,2.9,0.0,24.0
06-Jan-2014,12.7,0.0,0.0,14.1
07-Jan-2014,14.36,0.1,0.0,11.99
08-Jan-2014,13.7,0.0,0.0,6.95
09-Jan-2014,15.25,0.0,0.0,13.63
10-Jan-2014,10.58,0.9,0.0,14.71
11-Jan-2014,12.47,0.0,0.0,15.27
12-Jan-2014,9.19,0.0,0.0,14.21
13-Jan-2014,7.46,7.7,0.0,9.06
14-Jan-2014,8.91,0.7,0.0,17.6
15-Jan-2014,8.68,0.0,0.0,16.55
16-Jan-2014,10.76,5.0,0.0,12.99
17-Jan-2014,10.55,7.4,0.0,15.92
18-Jan-2014,10.16,0.0,0.0,15.73
19-Jan-2014,9.07,0.0,0.0,8.12
20-Jan-2014,7.14,0.6,0.0,17.63
21-Jan-2014,7.62,0.1,0.0,14.18
22-Jan-2014,8.55,0.0,0.0,16.33
23-Jan-2014,8.13,0.0,0.0,16.82
24-Jan-2014,5.34,2.2,0.63,24.31
25-Jan-2014,6.93,0.0,0.0,11.09
26-Jan-2014,8.97,1.3,0.0,33.92
27-Jan-2014,8.08,1.9,0.0,28.02
28-Jan-2014,7.47,0.0,0.0,12.73
29-Jan-2014,8.42,0.0,0.0,13.82
30-Jan-2014,6.36,0.1,0.0,11.13
31-Jan-2014,7.3,0.0,0.0,7.92
01-Feb-2014,10.96,2.2,0.0,16.25
02-Feb-2014,7.65,1.2,0.0,9.86
03-Feb-2014,10.6,0.0,0.0,18.67
04-Feb-2014,10.83,1.1,0.0,9.46
05-Feb-2014,8.07,0.5,0.0,20.14
06-Feb-2014,11.88,0.0,0.0,15.46
07-Feb-2014,10.04,0.3,0.0,24.69
08-Feb-2014,9.29,0.9,0.0,21.26
09-Feb-2014,8.85,0.0,0.0,24.8
10-Feb-2014,11.42,1.1,0.0,17.46
11-Feb-2014,9.9,0.0,0.0,18.5
12-Feb-2014,10.54,0.0,0.0,16.29
13-Feb-2014,10.72,2.3,0.0,40.16
14-Feb-2014,11.56,0.7,0.0,21.55
15-Feb-2014,11.35,11.3,0.0,18.12
16-Feb-2014,10.55,1.0,0.0,15.37
17-Feb-2014,11.35,0.0,0.0,7.5
18-Feb-2014,15.02,0.0,0.0,9.27
19-Feb-2014,11.59,0.0,0.0,11.47
20-Feb-2014,11.8,0.3,0.0,10.69
21-Feb-2014,9.48,3.8,0.0,19.18
22-Feb-2014,11.5,1.2,0.0,14.26
23-Feb-2014,12.49,0.1,0.0,8.21
24-Feb-2014,14.82,0.0,0.0,8.96
25-Feb-2014,13.55,0.0,0.0,18.77
26-Feb-2014,10.33,2.1,0.0,19.18
27-Feb-2014,11.93,2.8,0.0,30.72
28-Feb-2014,10.56,1.4,0.0,24.7
01-Mar-2014,9.5,0.2,0.0,10.72
02-Mar-2014,9.52,0.0,0.0,9.46
03-Mar-2014,10.82,0.5,0.0,26.58
04-Mar-2014,10.68,1.3,0.0,8.82
05-Mar-2014,11.93,0.0,0.0,12.8
06-Mar-2014,13.38,0.0,0.0,15.44
07-Mar-2014,14.17,0.0,0.0,7.32
08-Mar-2014,16.8,0.0,0.0,17.05
09-Mar-2014,16.13,0.0,0.0,11.62
10-Mar-2014,15.53,0.0,0.0,10.54
11-Mar-2014,18.14,0.0,0.0,15.83
12-Mar-2014,15.94,0.0,0.0,6.92
13-Mar-2014,17.99,0.0,0.0,6.33
14-Mar-2014,18.58,0.0,0.0,7.27
15-Mar-2014,14.73,0.1,0.0,21.9
16-Mar-2014,16.61,0.0,0.0,21.35
17-Mar-2014,18.79,0.0,0.0,12.7
18-Mar-2014,20.29,0.0,0.0,16.62
19-Mar-2014,15.13,0.0,0.0,13.26
20-Mar-2014,20.89,0.0,0.0,12.81
21-Mar-2014,21.51,0.1,0.0,18.5
22-Mar-2014,15.25,5.0,0.0,21.53
23-Mar-2014,9.04,0.0,0.0,15.61
24-Mar-2014,7.9,2.3,0.14,13.96
25-Mar-2014,11.39,0.0,0.0,13.25
26-Mar-2014,11.53,0.0,0.0,8.68
27-Mar-2014,14.16,0.0,0.0,9.01
28-Mar-2014,17.72,0.0,0.0,8.79
29-Mar-2014,19.5,0.0,0.0,9.61
30-Mar-2014,21.74,0.0,0.0,9.8
31-Mar-2014,21.0,0.0,0.0,10.35
01-Apr-2014,21.28,0.0,0.0,8.73
02-Apr-2014,23.52,0.0,0.0,11.83
03-Apr-2014,24.4,0.0,0.0,19.13
04-Apr-2014,21.58,0.4,0.0,8.64
05-Apr-2014,17.73,0.0,0.0,14.06
06-Apr-2014,20.36,0.0,0.0,4.43
07-Apr-2014,24.21,0.0,0.0,10.13
08-Apr-2014,17.52,0.0,0.0,20.19
09-Apr-2014,15.75,0.0,0.0,7.52
10-Apr-2014,19.64,0.0,0.0,8.0
11-Apr-2014,22.26,0.0,0.0,10.74
12-Apr-2014,21.16,0.0,0.0,12.81
13-Apr-2014,19.23,0.0,0.0,11.33
14-Apr-2014,16.24,0.0,0.0,21.45
15-Apr-2014,12.07,0.0,0.0,15.83
16-Apr-2014,15.21,0.0,0.0,17.75
17-Apr-2014,17.45,0.0,0.0,16.52
18-Apr-2014,12.71,2.3,0.0,21.58
19-Apr-2014,18.09,0.7,0.0,17.32
20-Apr-2014,19.29,0.0,0.0,10.07
21-Apr-2014,18.01,1.8,0.0,14.13
22-Apr-2014,20.2,0.0,0.0,5.49
23-Apr-2014,21.19,0.7,0.0,7.21
24-Apr-2014,23.16,0.0,0.0,12.62
25-Apr-2014,20.97,0.3,0.0,18.12
26-Apr-2014,20.34,1.9,0.0,13.42
27-Apr-2014,16.84,3.3,0.0,16.52
28-Apr-2014,13.35,4.8,0.0,13.34
29-Apr-2014,16.99,4.0,0.0,12.83
30-Apr-2014,17.31,7.0,0.0,13.27
01-May-2014,15.54,8.3,0.0,10.97
02-May-2014,15.31,3.1,0.0,15.19
03-May-2014,14.71,0.0,0.0,18.66
04-May-2014,17.45,0.0,0.0,9.19
05-May-2014,22.04,0.0,0.0,11.89
06-May-2014,22.77,0.0,0.0,21.22
07-May-2014,17.47,1.0,0.0,20.53
08-May-2014,21.17,0.0,0.0,17.33
09-May-2014,20.23,4.0,0.0,21.07
10-May-2014,21.35,0.4,0.0,19.86
11-May-2014,15.92,0.7,0.0,24.79
12-May-2014,13.72,0.1,0.0,21.95
13-May-2014,12.14,0.2,0.0,19.84
14-May-2014,14.05,0.2,0.0,14.77
15-May-2014,14.19,0.0,0.0,20.49
16-May-2014,19.89,0.0,0.0,17.9
17-May-2014,17.14,0.0,0.0,14.12
18-May-2014,21.71,0.0,0.0,5.15
19-May-2014,23.24,0.2,0.0,4.03
20-May-2014,25.04,0.0,0.0,4.8
21-May-2014,26.75,0.0,0.0,13.18
22-May-2014,26.27,2.6,0.0,15.08
23-May-2014,21.53,16.9,0.0,6.18
24-May-2014,20.05,4.7,0.0,13.89
25-May-2014,22.34,0.2,0.0,12.92
26-May-2014,18.36,4.0,0.0,10.94
27-May-2014,14.86,1.3,0.0,14.77
28-May-2014,18.03,0.0,0.0,7.32
29-May-2014,19.73,1.7,0.0,8.67
30-May-2014,18.48,2.5,0.0,7.33
31-May-2014,19.96,0.1,0.0,13.11
01-Jun-2014,21.9,0.0,0.0,8.34
02-Jun-2014,20.47,0.0,0.0,11.34
03-Jun-2014,21.65,0.0,0.0,5.17
04-Jun-2014,20.37,10.5,0.0,18.27
05-Jun-2014,21.27,0.1,0.0,11.18
06-Jun-2014,28.27,0.0,0.0,12.89
07-Jun-2014,31.75,0.0,0.0,12.34
08-Jun-2014,32.61,0.0,0.0,10.03
09-Jun-2014,35.62,0.0,0.0,13.98
10-Jun-2014,33.37,1.2,0.0,12.43
11-Jun-2014,30.9,0.0,0.0,17.32
12-Jun-2014,29.21,0.0,0.0,14.48
13-Jun-2014,27.17,0.0,0.0,13.89
14-Jun-2014,23.31,0.0,0.0,18.37
15-Jun-2014,23.47,0.1,0.0,18.56
16-Jun-2014,23.38,0.0,0.0,12.86
17-Jun-2014,21.76,0.0,0.0,15.92
18-Jun-2014,23.66,0.0,0.0,9.8
19-Jun-2014,24.72,0.0,0.0,10.08
20-Jun-2014,21.4,0.0,0.0,13.73
21-Jun-2014,24.33,0.0,0.0,9.11
22-Jun-2014,27.5,0.0,0.0,10.12
23-Jun-2014,26.89,9.2,0.0,8.0
24-Jun-2014,23.87,20.1,0.0,12.64
25-Jun-2014,23.12,0.0,0.0,18.38
26-Jun-2014,23.27,0.0,0.0,9.62
27-Jun-2014,26.17,0.0,0.0,11.39
28-Jun-2014,29.18,6.5,0.0,14.26
29-Jun-2014,19.82,12.1,0.0,19.45
30-Jun-2014,19.7,0.6,0.0,13.36
01-Jul-2014,24.33,0.0,0.0,8.54
02-Jul-2014,22.0,1.2,0.0,9.23
03-Jul-2014,28.45,0.0,0.0,12.79
04-Jul-2014,31.48,16.5,0.0,17.9
05-Jul-2014,25.33,0.4,0.0,17.3
06-Jul-2014,31.44,1.3,0.0,13.76
07-Jul-2014,24.17,2.1,0.0,14.14
08-Jul-2014,16.85,22.0,0.0,19.73
09-Jul-2014,17.2,10.1,0.0,19.49
10-Jul-2014,17.83,3.5,0.0,18.9
11-Jul-2014,19.94,3.5,0.0,14.51
12-Jul-2014,20.34,1.8,0.0,9.27
13-Jul-2014,21.49,0.8,0.0,13.89
14-Jul-2014,21.67,2.8,0.0,11.19
15-Jul-2014,25.7,0.0,0.0,7.91
16-Jul-2014,28.24,0.0,0.0,5.23
17-Jul-2014,30.41,0.0,0.0,8.8
18-Jul-2014,32.5,0.0,0.0,12.63
19-Jul-2014,34.16,0.0,0.0,14.07
20-Jul-2014,28.44,4.8,0.0,19.45
21-Jul-2014,22.63,1.1,0.0,18.61
22-Jul-2014,22.08,12.1,0.0,17.1
23-Jul-2014,28.16,0.0,0.0,14.85
24-Jul-2014,26.77,0.0,0.0,8.17
25-Jul-2014,27.62,0.0,0.0,7.09
26-Jul-2014,21.67,0.6,0.0,12.44
27-Jul-2014,26.22,0.3,0.0,6.44
28-Jul-2014,23.53,10.7,0.0,18.93
29-Jul-2014,19.87,7.3,0.0,13.75
30-Jul-2014,21.0,9.5,0.0,16.42
31-Jul-2014,26.02,0.0,0.0,6.29
01-Aug-2014,28.02,0.0,0.0,5.33
02-Aug-2014,25.2,0.8,0.0,11.9
03-Aug-2014,22.81,0.8,0.0,7.84
04-Aug-2014,23.69,0.2,0.0,10.69
05-Aug-2014,24.05,0.0,0.0,11.83
06-Aug-2014,24.26,0.0,0.0,10.39
07-Aug-2014,23.8,0.4,0.0,7.98
08-Aug-2014,27.22,0.0,0.0,9.83
09-Aug-2014,25.19,1.1,0.0,15.32
10-Aug-2014,32.31,8.7,0.0,16.85
11-Aug-2014,23.64,2.9,0.0,16.52
12-Aug-2014,22.75,0.0,0.0,8.53
13-Aug-2014,19.06,9.2,0.0,30.5
14-Aug-2014,18.39,1.2,0.0,14.06
15-Aug-2014,18.21,4.8,0.0,17.37
16-Aug-2014,18.94,0.0,0.0,12.55
17-Aug-2014,22.51,0.0,0.0,15.11
18-Aug-2014,22.01,0.0,0.0,21.07
19-Aug-2014,21.22,1.1,0.0,12.27
20-Aug-2014,19.16,0.6,0.0,7.46
21-Aug-2014,20.89,0.0,0.0,6.62
22-Aug-2014,21.1,0.0,0.0,11.46
23-Aug-2014,19.16,0.4,0.0,15.72
24-Aug-2014,19.31,0.0,0.0,6.48
25-Aug-2014,19.66,0.3,0.0,10.62
26-Aug-2014,20.48,4.1,0.0,19.99
27-Aug-2014,19.91,0.4,0.0,15.19
28-Aug-2014,24.79,0.0,0.0,6.15
29-Aug-2014,22.42,2.5,0.0,8.9
30-Aug-2014,23.71,0.0,0.0,7.28
31-Aug-2014,18.41,3.0,0.0,16.28
01-Sep-2014,18.72,0.1,0.0,9.99
02-Sep-2014,20.18,0.0,0.0,7.24
03-Sep-2014,21.66,0.0,0.0,12.89
04-Sep-2014,24.04,0.0,0.0,9.55
05-Sep-2014,25.27,0.0,0.0,6.4
06-Sep-2014,24.91,0.0,0.0,4.9
07-Sep-2014,24.8,0.0,0.0,5.85
08-Sep-2014,26.42,0.0,0.0,6.99
09-Sep-2014,24.5,0.2,0.0,7.41
10-Sep-2014,21.95,0.0,0.0,6.85
11-Sep-2014,19.67,0.0,0.0,14.49
12-Sep-2014,16.66,0.0,0.0,14.16
13-Sep-2014,20.18,0.2,0.0,8.89
14-Sep-2014,23.03,0.0,0.0,9.77
15-Sep-2014,23.32,0.0,0.0,11.57
16-Sep-2014,24.56,0.0,0.0,5.96
17-Sep-2014,25.5,0.0,0.0,5.96
18-Sep-2014,25.57,0.9,0.0,12.04
19-Sep-2014,25.3,0.3,0.0,14.54
20-Sep-2014,23.39,4.5,0.0,9.33
21-Sep-2014,22.11,8.5,0.0,14.65
22-Sep-2014,16.61,0.0,0.0,14.16
23-Sep-2014,19.61,0.0,0.0,13.32
24-Sep-2014,20.42,0.0,0.0,15.37
25-Sep-2014,17.41,0.2,0.0,10.87
26-Sep-2014,20.18,0.0,0.0,7.15
27-Sep-2014,22.27,0.0,0.0,7.87
28-Sep-2014,24.38,0.0,0.0,9.28
29-Sep-2014,24.69,0.0,0.0,11.38
30-Sep-2014,21.29,0.2,0.0,7.76
01-Oct-2014,20.75,0.0,0.0,6.83
02-Oct-2014,21.56,0.0,0.0,6.68
03-Oct-2014,22.07,0.0,0.0,8.7
04-Oct-2014,21.32,0.0,0.0,8.86
05-Oct-2014,20.92,0.0,0.0,7.54
06-Oct-2014,21.31,0.0,0.0,11.18
07-Oct-2014,22.69,3.2,0.0,18.05
08-Oct-2014,24.12,0.9,0.0,16.82
09-Oct-2014,24.19,4.0,0.0,14.65
10-Oct-2014,19.81,3.9,0.0,10.95
11-Oct-2014,18.7,11.0,0.0,8.15
12-Oct-2014,22.02,0.0,0.0,14.02
13-Oct-2014,20.97,3.3,0.0,9.53
14-Oct-2014,20.03,0.0,0.0,8.53
15-Oct-2014,20.9,3.6,0.0,8.0
16-Oct-2014,20.22,0.2,0.0,16.06
17-Oct-2014,19.65,2.2,0.0,24.81
18-Oct-2014,23.3,0.0,0.0,11.76
19-Oct-2014,23.01,0.0,0.0,6.44
20-Oct-2014,22.91,0.9,0.0,8.5
21-Oct-2014,19.42,3.8,0.0,31.41
22-Oct-2014,9.94,0.1,0.0,25.29
23-Oct-2014,12.22,0.0,0.0,17.12
24-Oct-2014,15.04,0.0,0.0,13.86
25-Oct-2014,14.85,0.0,0.0,5.64
26-Oct-2014,17.23,0.0,0.0,9.89
27-Oct-2014,16.71,0.0,0.0,12.51
28-Oct-2014,15.89,0.0,0.0,9.65
29-Oct-2014,16.3,0.0,0.0,11.05
30-Oct-2014,17.5,0.0,0.0,7.87
31-Oct-2014,19.51,0.0,0.0,11.2
01-Nov-2014,19.56,0.0,0.0,5.76
02-Nov-2014,18.1,0.0,0.0,7.17
03-Nov-2014,17.91,0.0,0.0,13.08
04-Nov-2014,14.95,1.8,0.0,18.48
05-Nov-2014,9.46,21.6,0.0,13.96
06-Nov-2014,10.05,1.6,0.0,9.06
07-Nov-2014,14.98,0.0,0.0,12.51
08-Nov-2014,13.61,0.0,0.0,12.22
09-Nov-2014,14.89,1.1,0.0,10.13
10-Nov-2014,11.91,2.3,0.0,10.51
11-Nov-2014,15.62,0.0,0.0,12.42
12-Nov-2014,13.27,4.3,0.0,7.27
13-Nov-2014,13.46,2.8,0.0,8.12
14-Nov-2014,15.27,0.0,0.0,15.53
15-Nov-2014,12.26,5.8,0.0,10.93
16-Nov-2014,13.54,0.8,0.0,15.22
17-Nov-2014,12.08,0.2,0.0,11.82
18-Nov-2014,11.03,0.0,0.0,5.01
19-Nov-2014,10.6,0.0,0.0,6.93
20-Nov-2014,11.98,0.0,0.0,8.94
21-Nov-2014,13.39,0.0,0.0,11.8
22-Nov-2014,15.05,0.0,0.0,9.91
23-Nov-2014,15.83,0.0,0.0,16.33
24-Nov-2014,15.37,0.0,0.0,10.48
25-Nov-2014,12.38,0.0,0.0,6.72
26-Nov-2014,12.62,0.0,0.0,13.96
27-Nov-2014,13.74,0.0,0.0,12.66
28-Nov-2014,13.26,0.0,0.0,16.8
29-Nov-2014,7.27,0.0,0.0,6.5
30-Nov-2014,6.77,0.0,0.0,6.99
01-Dec-2014,5.62,5.2,0.0,13.61
02-Dec-2014,4.28,0.0,0.0,10.88
03-Dec-2014,6.18,0.0,0.0,10.98
04-Dec-2014,7.24,0.0,0.0,12.42
05-Dec-2014,6.08,0.0,0.0,10.55
06-Dec-2014,5.43,1.1,0.0,10.95
07-Dec-2014,4.71,0.0,0.0,9.65
08-Dec-2014,5.44,0.8,0.0,11.7
09-Dec-2014,4.94,1.2,0.84,16.69
10-Dec-2014,6.44,1.1,0.0,12.04
11-Dec-2014,8.22,0.0,0.0,24.45
12-Dec-2014,11.31,0.0,0.0,21.23
13-Dec-2014,13.57,0.0,0.0,16.41
14-Dec-2014,11.81,0.8,0.0,9.37
15-Dec-2014,11.94,0.4,0.0,12.3
16-Dec-2014,9.1,0.5,0.0,11.79
17-Dec-2014,8.41,9.3,0.0,14.16
18-Dec-2014,12.4,12.6,0.0,17.04
19-Dec-2014,13.65,0.2,0.0,27.64
20-Dec-2014,10.86,0.1,0.0,26.23
21-Dec-2014,7.18,0.0,0.0,18.7
22-Dec-2014,8.3,0.0,0.0,11.44
23-Dec-2014,8.68,0.0,0.0,7.28
24-Dec-2014,9.24,0.0,0.0,12.57
25-Dec-2014,8.68,0.3,0.0,15.77
26-Dec-2014,4.23,0.1,0.0,14.47
27-Dec-2014,5.33,6.2,1.82,51.37
28-Dec-2014,1.45,4.1,2.87,45.13
29-Dec-2014,0.29,3.0,2.1,28.25
30-Dec-2014,2.59,0.0,0.0,20.51
31-Dec-2014,4.05,0.0,0.0,13.32
01-Jan-2015,4.28,0.0,0.0,9.55
02-Jan-2015,6.79,2.6,0.0,11.39
03-Jan-2015,10.51,3.6,0.0,36.48
04-Jan-2015,10.34,1.6,0.0,27.71
05-Jan-2015,6.12,0.0,0.0,7.21
06-Jan-2015,6.66,0.0,0.0,7.54
07-Jan-2015,7.92,0.0,0.0,8.41
08-Jan-2015,10.52,0.2,0.0,25.05
09-Jan-2015,12.12,0.8,0.0,32.21
10-Jan-2015,15.37,0.0,0.0,32.65
11-Jan-2015,11.53,0.9,0.0,27.26
12-Jan-2015,12.15,0.0,0.0,24.56
13-Jan-2015,12.25,0.0,0.0,19.98
14-Jan-2015,10.66,1.7,0.0,26.45
15-Jan-2015,13.2,0.0,0.0,16.41
16-Jan-2015,12.61,11.2,0.0,15.27
17-Jan-2015,5.92,1.9,0.0,17.27
18-Jan-2015,5.65,0.0,0.0,11.15
19-Jan-2015,5.55,3.0,0.0,11.38
20-Jan-2015,3.88,2.0,1.33,12.72
21-Jan-2015,5.94,0.0,0.0,20.47
22-Jan-2015,4.47,0.0,0.0,7.95
23-Jan-2015,3.85,0.0,0.0,12.0
24-Jan-2015,3.31,1.3,0.91,24.6
25-Jan-2015,4.08,0.0,0.0,19.1
26-Jan-2015,4.05,4.6,2.17,17.57
27-Jan-2015,5.15,2.2,0.91,20.55
28-Jan-2015,6.57,1.5,0.28,21.21
29-Jan-2015,7.34,3.9,1.05,30.15
30-Jan-2015,5.5,1.6,0.14,31.02
31-Jan-2015,5.23,2.1,0.7,25.92
01-Feb-2015,3.62,1.4,0.98,34.49
02-Feb-2015,3.05,5.0,3.36,33.38
03-Feb-2015,4.42,0.0,0.0,14.75
04-Feb-2015,2.52,0.0,0.0,18.96
05-Feb-2015,1.69,0.0,0.0,25.91
06-Feb-2015,2.17,0.0,0.0,26.62
07-Feb-2015,2.59,0.0,0.0,21.66
08-Feb-2015,3.32,0.0,0.0,29.25
09-Feb-2015,5.63,0.0,0.0,14.77
10-Feb-2015,6.45,0.0,0.0,15.03
11-Feb-2015,9.16,0.0,0.0,15.89
12-Feb-2015,11.13,0.0,0.0,6.66
13-Feb-2015,11.99,0.0,0.0,7.74
14-Feb-2015,10.29,0.4,0.0,13.25
15-Feb-2015,10.13,1.6,0.0,8.26
16-Feb-2015,8.85,0.0,0.0,6.24
17-Feb-2015,7.58,0.0,0.0,12.13
18-Feb-2015,6.59,0.0,0.0,6.18
19-Feb-2015,7.7,0.0,0.0,8.05
20-Feb-2015,13.1,0.0,0.0,14.85
21-Feb-2015,5.83,3.3,0.0,22.91
22-Feb-2015,7.01,0.0,0.0,7.63
23-Feb-2015,10.87,2.1,0.0,19.4
24-Feb-2015,7.53,0.1,0.0,15.45
25-Feb-2015,8.2,0.5,0.35,11.61
26-Feb-2015,10.13,0.0,0.0,9.83
27-Feb-2015,6.35,12.2,0.0,19.56
28-Feb-2015,7.22,0.0,0.0,9.19
01-Mar-2015,11.6,0.5,0.0,22.01
02-Mar-2015,11.27,2.1,0.0,31.29
03-Mar-2015,10.64,1.0,0.0,19.71
04-Mar-2015,6.98,0.7,0.0,14.85
05-Mar-2015,6.83,0.0,0.0,19.2
06-Mar-2015,9.27,0.0,0.0,7.46
07-Mar-2015,14.11,0.0,0.0,11.5
08-Mar-2015,14.96,0.0,0.0,10.51
09-Mar-2015,14.89,0.0,0.0,8.34
10-Mar-2015,14.36,0.0,0.0,10.74
11-Mar-2015,11.14,0.0,0.0,9.07
12-Mar-2015,10.75,0.0,0.0,13.86
13-Mar-2015,11.18,0.0,0.0,14.22
14-Mar-2015,10.74,0.0,0.0,11.64
15-Mar-2015,11.31,0.0,0.0,10.56
16-Mar-2015,15.55,0.0,0.0,9.45
17-Mar-2015,17.62,0.0,0.0,11.31
18-Mar-2015,17.67,0.0,0.0,12.59
19-Mar-2015,14.57,0.0,0.0,8.71
20-Mar-2015,15.58,0.0,0.0,6.42
21-Mar-2015,13.15,2.0,0.0,15.0
22-Mar-2015,12.14,0.0,0.0,22.39
23-Mar-2015,13.57,0.0,0.0,5.84
24-Mar-2015,15.66,0.0,0.0,4.54
25-Mar-2015,11.44,0.4,0.0,15.6
26-Mar-2015,11.37,0.2,0.0,13.67
27-Mar-2015,10.94,0.0,0.0,20.61
28-Mar-2015,14.29,1.8,0.0,16.62
29-Mar-2015,13.65,0.2,0.0,30.93
30-Mar-2015,11.06,1.4,0.0,31.82
31-Mar-2015,11.92,1.6,0.0,36.05
01-Apr-2015,7.5,0.0,0.0,29.42
02-Apr-2015,9.29,3.3,0.0,33.65
03-Apr-2015,12.87,1.0,0.0,8.96
04-Apr-2015,9.08,11.2,0.0,14.41
05-Apr-2015,9.88,0.3,0.0,20.82
06-Apr-2015,9.87,0.0,0.0,18.05
07-Apr-2015,12.08,0.0,0.0,13.33
08-Apr-2015,15.37,0.0,0.0,6.67
09-Apr-2015,19.27,0.0,0.0,10.28
10-Apr-2015,20.12,0.0,0.0,12.22
11-Apr-2015,16.66,0.3,0.0,15.78
12-Apr-2015,18.91,0.0,0.0,7.03
13-Apr-2015,19.89,0.0,0.0,10.2
14-Apr-2015,20.55,0.0,0.0,6.79
15-Apr-2015,24.12,0.0,0.0,8.46
16-Apr-2015,21.21,0.3,0.0,12.81
17-Apr-2015,16.72,11.0,0.0,14.92
18-Apr-2015,13.96,5.5,0.0,18.45
19-Apr-2015,17.44,0.0,0.0,15.19
20-Apr-2015,18.56,0.0,0.0,9.95
21-Apr-2015,21.56,0.0,0.0,7.87
22-Apr-2015,20.35,0.0,0.0,13.73
23-Apr-2015,17.63,0.0,0.0,12.99
24-Apr-2015,20.55,0.0,0.0,11.16
25-Apr-2015,19.05,4.1,0.0,13.71
26-Apr-2015,18.33,1.3,0.0,9.66
27-Apr-2015,17.37,2.0,0.0,11.61
28-Apr-2015,13.64,6.6,0.0,19.48
29-Apr-2015,17.27,0.0,0.0,10.4
30-Apr-2015,15.43,0.1,0.0,12.36
01-May-2015,15.44,28.8,0.0,20.39
02-May-2015,17.17,4.7,0.0,14.28
03-May-2015,22.28,13.0,0.0,15.9
04-May-2015,22.48,1.3,0.0,12.86
05-May-2015,24.11,0.0,0.0,22.72
06-May-2015,18.26,0.3,0.0,13.75
07-May-2015,17.14,0.0,0.0,11.87
08-May-2015,23.55,2.1,0.0,13.45
09-May-2015,19.43,0.0,0.0,18.2
10-May-2015,21.86,0.0,0.0,7.57
11-May-2015,26.16,0.0,0.0,9.76
12-May-2015,28.79,0.0,0.0,15.07
13-May-2015,25.19,0.5,0.0,14.85
14-May-2015,21.09,2.0,0.0,18.16
15-May-2015,12.18,17.3,0.0,23.35
16-May-2015,20.84,0.0,0.0,16.18
17-May-2015,19.58,0.0,0.0,10.14
18-May-2015,22.46,0.0,0.0,10.42
19-May-2015,16.21,0.0,0.0,19.14
20-May-2015,11.47,0.9,0.0,15.89
21-May-2015,15.75,0.0,0.0,19.63
22-May-2015,18.75,0.0,0.0,13.06
23-May-2015,17.34,0.0,0.0,12.48
24-May-2015,19.32,0.0,0.0,12.01
25-May-2015,17.26,11.5,0.0,8.05
26-May-2015,14.57,0.8,0.0,16.09
27-May-2015,16.94,0.0,0.0,9.34
28-May-2015,22.33,0.0,0.0,13.8
29-May-2015,21.84,0.0,0.0,19.45
30-May-2015,18.28,0.0,0.0,17.32
31-May-2015,22.27,0.0,0.0,8.52
01-Jun-2015,19.79,1.5,0.0,11.71
02-Jun-2015,25.46,0.1,0.0,12.52
03-Jun-2015,25.25,0.0,0.0,13.23
04-Jun-2015,27.8,0.0,0.0,7.77
05-Jun-2015,31.21,0.0,0.0,8.6
06-Jun-2015,29.51,0.0,0.0,14.86
07-Jun-2015,25.21,1.0,0.0,11.93
08-Jun-2015,21.1,0.1,0.0,17.46
09-Jun-2015,20.56,0.0,0.0,15.51
10-Jun-2015,24.84,0.0,0.0,7.17
11-Jun-2015,27.2,0.0,0.0,8.79
12-Jun-2015,28.37,2.2,0.0,24.0
13-Jun-2015,24.64,0.6,0.0,7.08
14-Jun-2015,23.83,5.5,0.0,8.73
15-Jun-2015,19.15,11.4,0.0,9.61
16-Jun-2015,20.01,3.8,0.0,13.85
17-Jun-2015,21.35,0.0,0.0,13.36
18-Jun-2015,20.39,1.7,0.0,18.48
19-Jun-2015,19.62,0.2,0.0,14.11
20-Jun-2015,16.11,3.4,0.0,17.79
21-Jun-2015,20.77,1.0,0.0,13.36
22-Jun-2015,23.67,0.0,0.0,17.75
23-Jun-2015,18.11,0.9,0.0,15.68
24-Jun-2015,22.38,0.0,0.0,6.93
25-Jun-2015,24.52,0.0,0.0,7.63
26-Jun-2015,26.66,0.0,0.0,5.96
27-Jun-2015,27.49,0.0,0.0,19.32
28-Jun-2015,26.01,0.0,0.0,8.47
29-Jun-2015,28.57,0.0,0.0,6.5
30-Jun-2015,30.17,0.0,0.0,6.48
01-Jul-2015,32.85,0.0,0.0,9.77
02-Jul-2015,35.06,0.0,0.0,9.34
03-Jul-2015,35.13,0.0,0.0,10.95
04-Jul-2015,35.1,0.0,0.0,9.42
05-Jul-2015,36.7,0.0,0.0,13.12
06-Jul-2015,29.18,0.1,0.0,13.89
07-Jul-2015,35.12,0.9,0.0,13.06
08-Jul-2015,25.49,0.0,0.0,21.19
09-Jul-2015,22.38,0.0,0.0,15.5
10-Jul-2015,25.99,0.0,0.0,9.3
11-Jul-2015,29.9,0.0,0.0,20.59
12-Jul-2015,27.0,0.0,0.0,15.27
13-Jul-2015,25.98,0.0,0.0,13.16
14-Jul-2015,27.91,0.0,0.0,15.61
15-Jul-2015,29.57,0.0,0.0,8.03
16-Jul-2015,32.2,0.0,0.0,8.06
17-Jul-2015,33.65,0.0,0.0,11.3
18-Jul-2015,28.23,0.7,0.0,13.91
19-Jul-2015,31.03,1.2,0.0,21.11
20-Jul-2015,29.99,0.0,0.0,9.42
21-Jul-2015,32.12,0.0,0.0,5.74
22-Jul-2015,33.62,5.2,0.0,12.95
23-Jul-2015,23.77,1.3,0.0,15.11
24-Jul-2015,30.06,0.5,0.0,14.39
25-Jul-2015,22.47,3.7,0.0,28.51
26-Jul-2015,20.65,3.7,0.0,10.47
27-Jul-2015,23.27,0.8,0.0,22.97
28-Jul-2015,22.76,0.0,0.0,21.87
29-Jul-2015,19.03,2.8,0.0,13.06
30-Jul-2015,20.75,0.0,0.0,11.78
31-Jul-2015,24.52,0.0,0.0,13.65
01-Aug-2015,24.41,4.1,0.0,10.61
02-Aug-2015,27.26,0.0,0.0,13.4
03-Aug-2015,31.17,0.0,0.0,8.22
04-Aug-2015,25.76,0.6,0.0,17.19
05-Aug-2015,30.18,0.0,0.0,11.58
06-Aug-2015,34.3,0.0,0.0,8.86
07-Aug-2015,35.77,0.0,0.0,7.84
08-Aug-2015,32.51,4.5,0.0,21.31
09-Aug-2015,26.57,8.1,0.0,17.05
10-Aug-2015,25.29,1.7,0.0,10.78
11-Aug-2015,28.65,0.0,0.0,11.72
12-Aug-2015,30.93,0.0,0.0,9.06
13-Aug-2015,32.14,3.6,0.0,22.16
14-Aug-2015,26.06,2.2,0.0,12.3
15-Aug-2015,19.43,3.7,0.0,15.0
16-Aug-2015,18.65,3.6,0.0,9.82
17-Aug-2015,21.33,0.0,0.0,11.89
18-Aug-2015,22.65,0.0,0.0,8.41
19-Aug-2015,21.5,0.0,0.0,8.17
20-Aug-2015,23.45,0.0,0.0,9.32
21-Aug-2015,24.8,0.0,0.0,11.44
22-Aug-2015,26.28,0.0,0.0,11.64
23-Aug-2015,25.41,13.9,0.0,12.99
24-Aug-2015,21.37,20.6,0.0,15.82
25-Aug-2015,22.21,0.0,0.0,13.6
26-Aug-2015,27.59,0.0,0.0,12.42
27-Aug-2015,30.36,0.0,0.0,14.55
28-Aug-2015,30.93,0.0,0.0,11.3
29-Aug-2015,31.69,0.0,0.0,6.13
30-Aug-2015,32.33,0.0,0.0,8.21
31-Aug-2015,32.35,0.0,0.0,11.57
01-Sep-2015,25.76,4.5,0.0,33.56
02-Sep-2015,21.67,0.1,0.0,12.04
03-Sep-2015,19.65,0.4,0.0,7.52
04-Sep-2015,21.0,0.0,0.0,12.09
05-Sep-2015,18.23,0.0,0.0,13.53
06-Sep-2015,16.58,1.0,0.0,12.25
07-Sep-2015,18.64,0.0,0.0,14.12
08-Sep-2015,22.01,0.0,0.0,9.37
09-Sep-2015,21.94,0.0,0.0,14.74
10-Sep-2015,20.92,0.0,0.0,13.85
11-Sep-2015,23.42,0.2,0.0,9.44
12-Sep-2015,27.49,3.5,0.0,14.19
13-Sep-2015,25.78,1.1,0.0,17.64
14-Sep-2015,21.7,11.5,0.0,20.14
15-Sep-2015,19.49,0.0,0.0,11.08
16-Sep-2015,26.86,0.6,0.0,17.55
17-Sep-2015,20.41,40.0,0.0,15.46
18-Sep-2015,19.71,0.7,0.0,6.85
19-Sep-2015,16.3,0.7,0.0,11.71
20-Sep-2015,18.06,0.0,0.0,11.72
21-Sep-2015,20.41,0.0,0.0,6.68
22-Sep-2015,19.45,1.0,0.0,20.29
23-Sep-2015,14.33,0.7,0.0,21.58
24-Sep-2015,18.72,0.5,0.0,6.74
25-Sep-2015,19.8,0.0,0.0,8.99
26-Sep-2015,20.47,0.0,0.0,12.32
27-Sep-2015,19.18,0.0,0.0,19.1
28-Sep-2015,17.68,0.0,0.0,18.5
29-Sep-2015,17.89,0.0,0.0,20.31
30-Sep-2015,18.15,0.0,0.0,16.54
01-Oct-2015,17.7,0.0,0.0,10.87
02-Oct-2015,19.45,0.0,0.0,10.21
03-Oct-2015,20.54,0.0,0.0,8.03
04-Oct-2015,17.78,3.8,0.0,8.47
05-Oct-2015,21.75,4.2,0.0,13.78
06-Oct-2015,23.79,10.2,0.0,17.42
07-Oct-2015,17.5,0.0,0.0,18.21
08-Oct-2015,16.97,0.0,0.0,7.89
09-Oct-2015,18.32,0.0,0.0,5.49
10-Oct-2015,17.62,0.0,0.0,8.37
11-Oct-2015,17.03,0.0,0.0,13.61
12-Oct-2015,15.01,0.0,0.0,9.06
13-Oct-2015,14.03,0.0,0.0,17.92
14-Oct-2015,9.58,0.0,0.0,14.96
15-Oct-2015,8.58,6.5,0.0,11.91
16-Oct-2015,10.84,0.0,0.0,5.47
17-Oct-2015,11.22,0.0,0.0,5.76
18-Oct-2015,12.47,0.2,0.0,11.13
19-Oct-2015,11.65,0.0,0.0,8.36
20-Oct-2015,13.03,0.0,0.0,13.34
21-Oct-2015,13.05,0.0,0.0,10.79
22-Oct-2015,12.32,0.1,0.0,11.22
23-Oct-2015,16.35,0.1,0.0,8.01
24-Oct-2015,20.12,0.0,0.0,10.45
25-Oct-2015,17.77,0.4,0.0,9.86
26-Oct-2015,17.66,0.0,0.0,10.72
27-Oct-2015,17.57,0.0,0.0,8.15
28-Oct-2015,19.71,9.6,0.0,14.12
29-Oct-2015,15.48,1.4,0.0,14.94
30-Oct-2015,16.98,0.0,0.0,16.69
31-Oct-2015,16.86,0.0,0.0,13.36
01-Nov-2015,16.21,0.0,0.0,5.39
02-Nov-2015,15.17,0.0,0.0,6.72
03-Nov-2015,14.88,0.0,0.0,9.12
04-Nov-2015,18.46,0.0,0.0,8.93
05-Nov-2015,18.41,0.0,0.0,8.53
06-Nov-2015,20.05,0.0,0.0,13.58
07-Nov-2015,21.04,0.2,0.0,6.33
08-Nov-2015,21.27,0.0,0.0,10.38
09-Nov-2015,19.89,0.0,0.0,17.35
10-Nov-2015,15.53,0.0,0.0,11.34
11-Nov-2015,14.99,0.0,0.0,6.71
12-Nov-2015,14.65,0.0,0.0,8.7
13-Nov-2015,15.59,0.0,0.0,13.86
14-Nov-2015,12.19,0.0,0.0,15.6
15-Nov-2015,17.83,0.0,0.0,19.21
16-Nov-2015,16.92,0.0,0.0,10.25
17-Nov-2015,16.4,0.0,0.0,21.58
18-Nov-2015,16.08,0.2,0.0,21.01
19-Nov-2015,16.46,0.0,0.0,23.1
20-Nov-2015,15.79,20.6,0.0,35.3
21-Nov-2015,6.83,10.2,0.0,23.93
22-Nov-2015,4.57,1.2,0.84,20.37
23-Nov-2015,4.21,7.6,5.32,13.71
24-Nov-2015,6.04,0.0,0.0,17.02
25-Nov-2015,7.19,3.5,0.0,29.88
26-Nov-2015,5.78,0.3,0.0,17.2
27-Nov-2015,4.64,0.0,0.0,6.29
28-Nov-2015,5.99,5.4,0.0,21.95
29-Nov-2015,10.12,0.0,0.0,34.81
30-Nov-2015,11.97,0.0,0.0,36.11
01-Dec-2015,12.04,0.0,0.0,28.48
02-Dec-2015,11.59,0.0,0.0,7.77
03-Dec-2015,10.3,0.0,0.0,7.98
04-Dec-2015,8.9,0.1,0.0,6.97
05-Dec-2015,9.46,0.0,0.0,7.68
06-Dec-2015,14.39,0.0,0.0,14.4
07-Dec-2015,12.52,0.0,0.0,9.27
08-Dec-2015,11.45,0.0,0.0,6.15
09-Dec-2015,9.24,4.3,0.0,10.87
10-Dec-2015,8.59,0.0,0.0,21.37
11-Dec-2015,9.67,0.0,0.0,11.96
12-Dec-2015,10.96,0.0,0.0,9.23
13-Dec-2015,8.76,0.0,0.0,5.07
14-Dec-2015,10.51,0.0,0.0,9.7
15-Dec-2015,10.73,0.0,0.0,8.37
16-Dec-2015,15.56,5.2,0.0,15.42
17-Dec-2015,15.1,0.0,0.0,8.1
18-Dec-2015,13.26,0.0,0.0,9.29
19-Dec-2015,13.13,0.0,0.0,8.36
20-Dec-2015,12.45,0.0,0.0,6.97
21-Dec-2015,13.18,0.2,0.0,14.37
22-Dec-2015,12.29,0.0,0.0,7.52
23-Dec-2015,13.34,0.0,0.0,8.94
24-Dec-2015,14.0,0.0,0.0,13.95
25-Dec-2015,12.41,0.0,0.0,8.12
26-Dec-2015,12.1,0.0,0.0,6.85
27-Dec-2015,11.68,0.0,0.0,6.85
28-Dec-2015,11.15,0.0,0.0,13.23
29-Dec-2015,9.89,0.0,0.0,7.17
30-Dec-2015,10.09,0.0,0.0,13.94
31-Dec-2015,11.29,0.4,0.0,15.18
01-Jan-2016,8.6,0.0,0.0,14.66
02-Jan-2016,8.15,8.1,0.0,16.63
03-Jan-2016,9.71,0.3,0.0,14.35
04-Jan-2016,8.43,2.9,0.0,22.21
05-Jan-2016,8.75,5.4,0.0,18.06
06-Jan-2016,8.89,0.8,0.0,13.48
07-Jan-2016,9.89,7.6,0.0,25.69
08-Jan-2016,10.99,2.3,0.0,17.68
09-Jan-2016,12.18,9.5,0.0,11.15
10-Jan-2016,9.87,0.8,0.0,24.88
11-Jan-2016,9.48,12.8,0.0,26.07
12-Jan-2016,7.43,1.0,0.0,35.67
13-Jan-2016,4.61,0.4,0.28,36.52
14-Jan-2016,5.01,2.6,0.63,24.31
15-Jan-2016,4.02,0.3,0.21,39.22
16-Jan-2016,3.31,1.0,0.7,27.5
17-Jan-2016,2.09,1.4,0.98,26.98
18-Jan-2016,1.82,0.0,0.0,23.2
19-Jan-2016,5.96,1.4,0.98,12.52
20-Jan-2016,3.95,0.1,0.0,11.97
21-Jan-2016,4.47,0.0,0.0,8.01
22-Jan-2016,5.85,0.0,0.0,10.25
23-Jan-2016,9.16,4.0,0.0,15.73
24-Jan-2016,10.35,0.0,0.0,11.03
25-Jan-2016,12.21,0.0,0.0,6.74
26-Jan-2016,12.72,0.0,0.0,7.03
27-Jan-2016,14.0,0.0,0.0,6.82
28-Jan-2016,13.23,2.7,0.0,16.95
29-Jan-2016,10.43,1.2,0.0,11.71
30-Jan-2016,12.26,1.2,0.0,30.01
31-Jan-2016,12.3,9.6,0.0,27.17
01-Feb-2016,13.44,0.0,0.0,26.23
02-Feb-2016,13.65,0.0,0.0,21.41
03-Feb-2016,10.58,3.5,0.0,23.16
04-Feb-2016,6.52,0.5,0.0,34.7
05-Feb-2016,12.53,0.1,0.0,21.05
06-Feb-2016,15.2,0.0,0.0,12.29
07-Feb-2016,7.27,5.7,0.0,19.98
08-Feb-2016,12.41,0.0,0.0,35.5
09-Feb-2016,11.72,2.8,0.0,41.68
10-Feb-2016,6.2,0.2,0.0,39.29
11-Feb-2016,7.11,0.0,0.0,21.48
12-Feb-2016,7.74,2.6,0.14,17.29
13-Feb-2016,9.82,1.8,0.0,32.45
14-Feb-2016,8.4,3.1,0.0,30.14
15-Feb-2016,5.18,4.4,0.0,16.3
16-Feb-2016,7.74,0.0,0.0,19.21
17-Feb-2016,6.08,0.0,0.0,10.72
18-Feb-2016,10.57,0.0,0.0,10.01
19-Feb-2016,6.26,3.3,0.0,17.97
20-Feb-2016,9.87,0.1,0.0,29.32
21-Feb-2016,14.55,0.4,0.0,28.24
22-Feb-2016,15.22,0.0,0.0,20.51
23-Feb-2016,11.16,6.0,0.0,23.4
24-Feb-2016,8.74,1.9,0.0,11.05
25-Feb-2016,5.5,5.8,1.19,16.53
26-Feb-2016,7.78,0.0,0.0,16.33
27-Feb-2016,11.08,0.0,0.0,10.85
28-Feb-2016,9.45,0.0,0.0,13.39
29-Feb-2016,4.66,15.3,0.98,22.38
01-Mar-2016,7.65,1.4,0.49,21.34
02-Mar-2016,10.11,6.0,0.0,27.54
03-Mar-2016,5.35,3.8,0.0,26.37
04-Mar-2016,8.34,2.0,0.0,28.52
05-Mar-2016,7.63,1.0,0.0,16.13
06-Mar-2016,5.25,5.0,3.15,31.79
07-Mar-2016,6.84,1.0,0.7,18.13
08-Mar-2016,5.57,0.8,0.56,13.48
09-Mar-2016,9.21,0.0,0.0,18.56
10-Mar-2016,11.45,0.0,0.0,14.07
11-Mar-2016,11.4,0.0,0.0,13.95
12-Mar-2016,10.74,0.1,0.0,15.88
13-Mar-2016,11.18,0.0,0.0,24.56
14-Mar-2016,11.78,0.0,0.0,17.35
15-Mar-2016,9.88,4.2,1.33,18.2
16-Mar-2016,11.95,0.0,0.0,25.77
17-Mar-2016,11.11,0.0,0.0,13.51
18-Mar-2016,13.9,0.0,0.0,9.37
19-Mar-2016,12.52,0.0,0.0,13.99
20-Mar-2016,11.66,0.0,0.0,12.04
21-Mar-2016,11.39,0.2,0.0,13.61
22-Mar-2016,12.35,0.0,0.0,15.09
23-Mar-2016,10.02,0.1,0.0,18.8
24-Mar-2016,11.53,0.0,0.0,9.32
25-Mar-2016,10.06,2.0,0.0,19.03
26-Mar-2016,16.8,0.0,0.0,14.98
27-Mar-2016,12.5,1.4,0.0,18.21
28-Mar-2016,13.97,0.0,0.0,29.21
29-Mar-2016,14.55,3.2,0.0,23.72
30-Mar-2016,17.85,3.0,0.0,15.11
31-Mar-2016,22.98,0.0,0.0,17.52
01-Apr-2016,13.74,1.1,0.0,19.8
02-Apr-2016,20.91,0.0,0.0,13.82
03-Apr-2016,20.82,0.0,0.0,12.02
04-Apr-2016,17.87,0.0,0.0,9.29
05-Apr-2016,15.36,3.9,0.0,13.53
06-Apr-2016,15.47,5.7,0.0,13.94
07-Apr-2016,10.78,0.2,0.0,16.79
08-Apr-2016,11.26,0.2,0.0,7.67
09-Apr-2016,12.29,0.4,0.0,10.11
10-Apr-2016,16.89,0.0,0.0,12.4
11-Apr-2016,18.59,0.0,0.0,8.7
12-Apr-2016,19.25,1.1,0.0,12.15
13-Apr-2016,14.03,2.6,0.0,16.62
14-Apr-2016,16.27,0.2,0.0,13.36
15-Apr-2016,15.99,3.1,0.0,18.45
16-Apr-2016,17.83,7.0,0.0,20.57
17-Apr-2016,14.84,3.4,0.0,25.46
18-Apr-2016,9.86,6.5,0.0,17.19
19-Apr-2016,15.31,0.0,0.0,10.13
20-Apr-2016,18.94,0.0,0.0,16.59
21-Apr-2016,20.69,0.0,0.0,11.88
22-Apr-2016,17.49,0.2,0.0,12.3
23-Apr-2016,14.47,9.2,0.0,22.38
24-Apr-2016,9.63,3.2,0.0,14.21
25-Apr-2016,9.94,1.2,0.14,28.69
26-Apr-2016,7.79,6.5,0.0,29.35
27-Apr-2016,8.08,0.2,0.0,29.74
28-Apr-2016,11.78,0.0,0.0,12.95
29-Apr-2016,14.9,0.0,0.0,4.17
30-Apr-2016,17.13,7.3,0.0,19.72
01-May-2016,12.41,15.2,0.0,17.56
02-May-2016,17.05,0.0,0.0,11.24
03-May-2016,15.15,1.7,0.0,15.3
04-May-2016,15.76,0.0,0.0,9.19
05-May-2016,19.64,0.0,0.0,20.56
06-May-2016,22.68,0.0,0.0,10.61
07-May-2016,22.78,0.0,0.0,7.21
08-May-2016,23.41,0.0,0.0,17.37
09-May-2016,22.73,0.0,0.0,10.39
10-May-2016,22.38,0.1,0.0,8.0
11-May-2016,19.92,0.0,0.0,9.29
12-May-2016,16.23,13.0,0.0,17.77
13-May-2016,15.56,15.9,0.0,18.91
14-May-2016,14.65,2.2,0.0,10.79
15-May-2016,12.33,0.3,0.0,10.65
16-May-2016,12.88,1.1,0.0,17.48
17-May-2016,16.58,0.5,0.0,10.15
18-May-2016,20.21,5.1,0.0,14.63
19-May-2016,13.33,7.7,0.0,17.25
20-May-2016,19.71,0.0,0.0,8.1
21-May-2016,24.32,0.0,0.0,8.1
22-May-2016,26.26,0.5,0.0,21.17
23-May-2016,13.76,14.4,0.0,19.23
24-May-2016,15.86,0.0,0.0,16.22
25-May-2016,21.07,0.0,0.0,10.39
26-May-2016,24.15,0.3,0.0,6.18
27-May-2016,25.49,0.0,0.0,9.91
28-May-2016,25.2,3.0,0.0,16.39
29-May-2016,18.76,6.2,0.0,11.13
30-May-2016,18.92,7.9,0.0,17.97
31-May-2016,18.62,5.3,0.0,20.06
01-Jun-2016,19.91,0.4,0.0,9.3
02-Jun-2016,20.02,12.8,0.0,16.2
03-Jun-2016,16.64,3.5,0.0,8.89
04-Jun-2016,19.78,0.5,0.0,11.91
05-Jun-2016,19.25,3.6,0.0,5.92
06-Jun-2016,24.43,0.0,0.0,5.12
07-Jun-2016,23.9,0.7,0.0,8.26
08-Jun-2016,19.67,3.2,0.0,11.5
09-Jun-2016,20.93,1.3,0.0,10.36
10-Jun-2016,23.67,0.0,0.0,5.75
11-Jun-2016,19.66,3.4,0.0,13.42
12-Jun-2016,17.22,6.5,0.0,15.51
13-Jun-2016,17.04,9.5,0.0,18.06
14-Jun-2016,17.45,1.7,0.0,25.24
15-Jun-2016,18.13,0.8,0.0,9.61
16-Jun-2016,17.29,13.6,0.0,17.79
17-Jun-2016,18.88,6.7,0.0,18.09
18-Jun-2016,16.77,0.6,0.0,11.19
19-Jun-2016,16.4,1.7,0.0,14.06
20-Jun-2016,22.26,0.0,0.0,10.25
21-Jun-2016,19.79,5.7,0.0,9.82
22-Jun-2016,28.97,0.0,0.0,10.79
23-Jun-2016,31.59,0.0,0.0,11.58
24-Jun-2016,30.96,0.4,0.0,16.69
25-Jun-2016,23.74,1.0,0.0,20.81
26-Jun-2016,21.03,0.0,0.0,12.3
27-Jun-2016,22.09,0.0,0.0,12.07
28-Jun-2016,23.1,0.0,0.0,10.11
29-Jun-2016,24.54,0.0,0.0,9.7
30-Jun-2016,21.34,1.5,0.0,5.49
01-Jul-2016,25.56,0.2,0.0,5.76
02-Jul-2016,20.55,2.4,0.0,17.37
03-Jul-2016,20.68,0.0,0.0,10.64
04-Jul-2016,24.69,0.0,0.0,8.87
05-Jul-2016,25.2,0.0,0.0,13.23
06-Jul-2016,23.5,0.0,0.0,12.57
07-Jul-2016,25.66,0.0,0.0,7.2
08-Jul-2016,28.5,0.0,0.0,14.49
09-Jul-2016,27.36,0.0,0.0,9.09
10-Jul-2016,31.44,0.0,0.0,10.11
11-Jul-2016,28.06,7.1,0.0,9.65
12-Jul-2016,20.44,14.8,0.0,9.35
13-Jul-2016,16.87,0.9,0.0,20.94
14-Jul-2016,14.33,5.1,0.0,13.53
15-Jul-2016,19.19,0.0,0.0,13.89
16-Jul-2016,23.06,0.0,0.0,7.77
17-Jul-2016,27.26,0.0,0.0,7.77
18-Jul-2016,28.77,0.0,0.0,10.13
19-Jul-2016,30.74,0.0,0.0,11.53
20-Jul-2016,33.1,0.0,0.0,8.87
21-Jul-2016,28.59,3.0,0.0,9.55
22-Jul-2016,25.4,10.6,0.0,14.0
23-Jul-2016,24.1,0.7,0.0,8.06
24-Jul-2016,24.55,0.0,0.0,9.46
25-Jul-2016,25.06,0.4,0.0,6.81
26-Jul-2016,27.01,1.4,0.0,5.49
27-Jul-2016,26.08,1.3,0.0,6.2
28-Jul-2016,23.46,0.5,0.0,10.69
29-Jul-2016,26.58,0.0,0.0,12.04
30-Jul-2016,29.22,0.0,0.0,8.53
31-Jul-2016,23.84,13.0,0.0,10.78
01-Aug-2016,23.48,0.4,0.0,6.21
02-Aug-2016,24.22,0.5,0.0,16.43
03-Aug-2016,27.42,0.0,0.0,14.67
04-Aug-2016,28.08,11.3,0.0,22.92
05-Aug-2016,18.55,15.0,0.0,15.86
06-Aug-2016,23.28,0.0,0.0,10.94
07-Aug-2016,25.59,0.0,0.0,5.49
08-Aug-2016,27.35,0.0,0.0,14.59
09-Aug-2016,20.32,0.1,0.0,21.33
10-Aug-2016,18.9,0.0,0.0,9.12
11-Aug-2016,20.36,0.0,0.0,8.01
12-Aug-2016,24.48,0.7,0.0,8.71
13-Aug-2016,27.91,0.0,0.0,6.83
14-Aug-2016,29.46,0.0,0.0,6.01
15-Aug-2016,28.52,0.0,0.0,6.35
16-Aug-2016,28.36,0.0,0.0,5.29
17-Aug-2016,27.53,0.0,0.0,6.21
18-Aug-2016,23.7,3.4,0.0,15.94
19-Aug-2016,25.49,0.1,0.0,5.66
20-Aug-2016,22.19,0.9,0.0,13.86
21-Aug-2016,21.45,0.0,0.0,17.12
22-Aug-2016,23.58,0.0,0.0,6.15
23-Aug-2016,28.77,0.0,0.0,14.18
24-Aug-2016,30.31,0.0,0.0,10.2
25-Aug-2016,32.12,0.0,0.0,10.07
26-Aug-2016,33.26,0.0,0.0,5.7
27-Aug-2016,32.85,0.0,0.0,8.79
28-Aug-2016,31.84,0.0,0.0,13.86
29-Aug-2016,25.16,1.8,0.0,14.54
30-Aug-2016,27.05,0.0,0.0,16.29
31-Aug-2016,28.06,0.0,0.0,6.74
01-Sep-2016,27.27,0.1,0.0,6.93
02-Sep-2016,27.78,0.0,0.0,4.0
03-Sep-2016,28.76,0.0,0.0,6.4
04-Sep-2016,27.88,6.8,0.0,14.78
05-Sep-2016,21.22,1.7,0.0,16.86
06-Sep-2016,24.03,0.0,0.0,10.79
07-Sep-2016,25.23,0.0,0.0,11.39
08-Sep-2016,28.76,0.0,0.0,9.37
09-Sep-2016,27.24,0.0,0.0,11.31
10-Sep-2016,27.48,0.0,0.0,4.86
11-Sep-2016,28.26,0.0,0.0,8.86
12-Sep-2016,29.59,0.0,0.0,7.84
13-Sep-2016,29.63,0.0,0.0,8.93
14-Sep-2016,28.78,0.0,0.0,9.35
15-Sep-2016,21.6,1.5,0.0,17.3
16-Sep-2016,21.43,0.1,0.0,16.48
17-Sep-2016,19.27,0.2,0.0,14.02
18-Sep-2016,15.72,21.4,0.0,14.42
19-Sep-2016,17.65,0.1,0.0,9.11
20-Sep-2016,18.98,0.0,0.0,7.87
21-Sep-2016,19.55,0.0,0.0,7.04
22-Sep-2016,21.1,0.0,0.0,7.74
23-Sep-2016,22.24,0.0,0.0,7.46
24-Sep-2016,23.34,0.0,0.0,12.13
25-Sep-2016,24.19,0.0,0.0,6.45
26-Sep-2016,20.8,0.0,0.0,14.54
27-Sep-2016,20.81,0.0,0.0,6.44
28-Sep-2016,23.79,0.0,0.0,12.02
29-Sep-2016,25.98,0.0,0.0,13.23
30-Sep-2016,24.5,0.3,0.0,14.71
01-Oct-2016,20.04,5.0,0.0,10.66
02-Oct-2016,15.67,0.4,0.0,15.72
03-Oct-2016,17.06,0.0,0.0,8.52
04-Oct-2016,18.12,0.0,0.0,15.73
05-Oct-2016,14.75,0.0,0.0,20.27
06-Oct-2016,16.39,0.0,0.0,13.45
07-Oct-2016,15.77,0.0,0.0,12.12
08-Oct-2016,13.88,0.0,0.0,9.83
09-Oct-2016,11.34,0.3,0.0,11.61
10-Oct-2016,13.24,0.0,0.0,6.99
11-Oct-2016,12.58,0.0,0.0,7.09
12-Oct-2016,13.54,0.0,0.0,12.36
13-Oct-2016,13.43,0.0,0.0,10.87
14-Oct-2016,16.96,5.1,0.0,16.27
15-Oct-2016,17.91,0.0,0.0,8.79
16-Oct-2016,20.87,0.0,0.0,12.89
17-Oct-2016,19.11,2.4,0.0,10.56
18-Oct-2016,16.02,0.6,0.0,11.77
19-Oct-2016,13.25,0.1,0.0,16.25
20-Oct-2016,12.36,0.2,0.0,16.02
21-Oct-2016,11.21,2.7,0.0,15.77
22-Oct-2016,12.79,0.0,0.0,6.18
23-Oct-2016,12.67,1.6,0.0,15.15
24-Oct-2016,20.66,2.7,0.0,18.26
25-Oct-2016,17.51,6.1,0.0,11.83
26-Oct-2016,15.71,0.0,0.0,8.36
27-Oct-2016,14.75,0.0,0.0,5.65
28-Oct-2016,15.52,0.0,0.0,7.57
29-Oct-2016,16.02,0.0,0.0,6.27
30-Oct-2016,14.84,0.0,0.0,6.58
31-Oct-2016,15.47,0.0,0.0,9.65
01-Nov-2016,17.34,0.0,0.0,10.5
02-Nov-2016,12.64,0.0,0.0,12.99
03-Nov-2016,10.83,0.0,0.0,6.79
04-Nov-2016,14.32,0.0,0.0,13.58
05-Nov-2016,15.56,10.3,0.0,18.71
06-Nov-2016,8.48,2.6,0.0,12.18
07-Nov-2016,5.98,0.1,0.0,12.27
08-Nov-2016,7.52,0.5,0.07,12.59
09-Nov-2016,7.76,4.0,0.0,29.48
10-Nov-2016,9.18,1.1,0.0,29.28
11-Nov-2016,8.21,1.6,0.0,23.57
12-Nov-2016,7.76,0.3,0.0,10.28
13-Nov-2016,10.47,0.0,0.0,11.83
14-Nov-2016,5.23,0.0,0.0,7.46
15-Nov-2016,9.33,0.0,0.0,8.63
16-Nov-2016,13.31,2.3,0.0,12.06
17-Nov-2016,14.37,0.3,0.0,21.55
18-Nov-2016,15.96,0.6,0.0,27.88
19-Nov-2016,8.93,8.4,0.0,19.07
20-Nov-2016,14.54,0.0,0.0,23.71
21-Nov-2016,12.77,0.0,0.0,11.57
22-Nov-2016,14.42,0.0,0.0,12.3
23-Nov-2016,15.56,0.0,0.0,7.78
24-Nov-2016,10.9,0.0,0.0,6.33
25-Nov-2016,8.14,0.0,0.0,5.84
26-Nov-2016,11.5,0.0,0.0,5.69
27-Nov-2016,9.54,0.2,0.0,10.61
28-Nov-2016,5.96,0.0,0.0,21.19
29-Nov-2016,4.35,0.0,0.0,18.67
30-Nov-2016,7.2,0.0,0.0,9.97
01-Dec-2016,7.6,0.0,0.0,6.24
02-Dec-2016,5.89,0.0,0.0,5.17
03-Dec-2016,7.31,0.0,0.0,10.94
04-Dec-2016,6.39,0.0,0.0,12.52
05-Dec-2016,7.97,0.0,0.0,9.19
06-Dec-2016,9.16,0.0,0.0,5.39
07-Dec-2016,8.8,0.0,0.0,6.93
08-Dec-2016,9.99,0.0,0.0,6.55
09-Dec-2016,9.41,0.0,0.0,5.64
10-Dec-2016,8.82,0.0,0.0,5.59
11-Dec-2016,7.96,0.0,0.0,9.11
12-Dec-2016,7.18,0.0,0.0,8.27
13-Dec-2016,8.2,0.0,0.0,7.95
14-Dec-2016,8.52,0.0,0.0,7.37
15-Dec-2016,8.45,0.0,0.0,9.01
16-Dec-2016,7.6,0.0,0.0,15.99
17-Dec-2016,8.49,0.0,0.0,4.89
18-Dec-2016,5.92,0.0,0.0,7.09
19-Dec-2016,6.8,0.0,0.0,12.89
20-Dec-2016,6.32,0.0,0.0,8.86
21-Dec-2016,6.2,0.0,0.0,5.6
22-Dec-2016,8.49,0.0,0.0,6.53
23-Dec-2016,7.99,0.6,0.0,5.84
24-Dec-2016,11.08,0.0,0.0,19.83
25-Dec-2016,10.78,0.0,0.0,15.18
26-Dec-2016,11.88,0.4,0.0,16.25
27-Dec-2016,5.8,0.0,0.0,5.49
28-Dec-2016,6.31,0.0,0.0,5.49
29-Dec-2016,4.06,0.0,0.0,9.06
30-Dec-2016,5.11,0.0,0.0,8.05
31-Dec-2016,5.01,0.0,0.0,6.09
01-Jan-2017,5.61,0.0,0.0,6.81
02-Jan-2017,4.51,1.5,1.05,14.92
03-Jan-2017,2.96,0.0,0.0,8.8
04-Jan-2017,3.29,0.3,0.21,30.39
05-Jan-2017,1.61,0.0,0.0,19.67
06-Jan-2017,-1.59,0.0,0.0,15.53
07-Jan-2017,0.75,0.0,0.0,14.41
08-Jan-2017,2.86,0.7,0.42,25.05
09-Jan-2017,2.6,0.0,0.0,7.91
10-Jan-2017,3.19,6.6,2.24,21.41
11-Jan-2017,6.46,0.6,0.0,30.22
12-Jan-2017,9.69,0.4,0.0,29.21
13-Jan-2017,8.49,1.2,0.63,43.96
14-Jan-2017,1.98,2.5,1.12,42.65
15-Jan-2017,2.08,3.4,2.38,25.31
16-Jan-2017,1.94,0.0,0.0,17.4
17-Jan-2017,0.35,0.0,0.0,25.27
18-Jan-2017,0.51,0.0,0.0,23.08
19-Jan-2017,1.37,0.0,0.0,10.03
20-Jan-2017,1.39,0.0,0.0,14.2
21-Jan-2017,2.43,0.0,0.0,12.75
22-Jan-2017,2.2,0.0,0.0,5.69
23-Jan-2017,1.08,0.0,0.0,9.24
24-Jan-2017,-0.01,0.0,0.0,11.63
25-Jan-2017,0.18,0.0,0.0,10.36
26-Jan-2017,2.42,0.0,0.0,16.44
27-Jan-2017,7.69,0.0,0.0,16.77
28-Jan-2017,9.06,0.0,0.0,10.25
29-Jan-2017,9.38,0.0,0.0,7.89
30-Jan-2017,9.34,1.3,0.0,19.14
31-Jan-2017,10.15,13.7,0.0,11.8
01-Feb-2017,12.9,1.0,0.0,7.21
02-Feb-2017,13.12,0.0,0.0,15.25
03-Feb-2017,12.27,1.0,0.0,15.65
04-Feb-2017,9.33,2.7,0.0,37.03
05-Feb-2017,6.29,8.0,0.0,13.53
06-Feb-2017,7.3,4.6,0.0,12.79
07-Feb-2017,7.59,2.8,0.0,13.02
08-Feb-2017,7.23,0.1,0.0,10.71
09-Feb-2017,7.55,0.0,0.0,9.55
10-Feb-2017,8.62,0.0,0.0,13.06
11-Feb-2017,10.83,0.0,0.0,13.85
12-Feb-2017,11.17,0.0,0.0,14.93
13-Feb-2017,10.29,0.0,0.0,9.45
14-Feb-2017,11.04,0.0,0.0,18.02
15-Feb-2017,13.96,0.0,0.0,5.54
16-Feb-2017,14.3,0.4,0.0,5.74
17-Feb-2017,11.57,2.6,0.0,9.53
18-Feb-2017,10.73,0.0,0.0,8.15
19-Feb-2017,10.67,0.0,0.0,13.98
20-Feb-2017,11.42,0.2,0.0,14.74
21-Feb-2017,13.06,0.0,0.0,21.45
22-Feb-2017,13.29,0.0,0.0,23.19
23-Feb-2017,17.72,0.0,0.0,26.83
24-Feb-2017,9.82,0.5,0.0,24.52
25-Feb-2017,10.6,0.0,0.0,10.5
26-Feb-2017,14.24,0.0,0.0,8.86
27-Feb-2017,15.83,0.0,0.0,33.91
28-Feb-2017,11.88,8.0,0.0,38.73
01-Mar-2017,10.56,0.2,0.0,33.04
02-Mar-2017,11.2,2.6,0.0,30.23
03-Mar-2017,15.08,0.0,0.0,16.95
04-Mar-2017,14.71,0.0,0.0,26.24
05-Mar-2017,10.82,2.6,0.0,30.33
06-Mar-2017,7.15,6.7,0.0,30.65
07-Mar-2017,7.75,0.4,0.0,20.02
08-Mar-2017,10.61,0.9,0.0,16.09
09-Mar-2017,11.4,7.2,0.0,18.92
10-Mar-2017,11.89,0.3,0.0,13.06
11-Mar-2017,15.56,0.0,0.0,13.75
12-Mar-2017,16.34,0.0,0.0,12.89
13-Mar-2017,13.84,0.0,0.0,12.26
14-Mar-2017,15.32,0.0,0.0,8.61
15-Mar-2017,15.06,0.0,0.0,14.68
16-Mar-2017,17.8,0.0,0.0,5.6
17-Mar-2017,18.48,0.0,0.0,23.04
18-Mar-2017,11.34,0.4,0.0,25.05
19-Mar-2017,15.46,1.1,0.0,19.85
20-Mar-2017,16.02,0.5,0.0,15.72
21-Mar-2017,13.37,3.9,0.0,15.89
22-Mar-2017,12.08,3.4,0.0,9.69
23-Mar-2017,17.87,0.0,0.0,16.8
24-Mar-2017,17.62,0.0,0.0,10.95
25-Mar-2017,18.2,0.0,0.0,15.47
26-Mar-2017,12.26,0.0,0.0,8.96
27-Mar-2017,17.55,0.0,0.0,13.91
28-Mar-2017,18.86,0.0,0.0,10.66
29-Mar-2017,18.84,0.0,0.0,5.82
30-Mar-2017,21.09,0.0,0.0,12.28
31-Mar-2017,21.62,0.0,0.0,11.88
01-Apr-2017,15.57,0.0,0.0,17.61
02-Apr-2017,15.99,0.7,0.0,8.54
03-Apr-2017,16.38,0.2,0.0,10.7
04-Apr-2017,15.51,0.2,0.0,11.46
05-Apr-2017,15.41,0.1,0.0,13.91
06-Apr-2017,12.02,0.0,0.0,17.86
07-Apr-2017,16.2,0.0,0.0,11.2
08-Apr-2017,19.14,0.0,0.0,7.11
09-Apr-2017,22.46,0.0,0.0,4.91
10-Apr-2017,21.81,0.5,0.0,16.51
11-Apr-2017,14.15,0.1,0.0,14.35
12-Apr-2017,18.51,0.0,0.0,15.03
13-Apr-2017,15.27,0.0,0.0,18.92
14-Apr-2017,15.23,0.0,0.0,7.28
15-Apr-2017,14.59,3.0,0.0,16.25
16-Apr-2017,11.87,0.0,0.0,19.0
17-Apr-2017,12.62,1.7,0.0,23.83
18-Apr-2017,7.53,0.0,0.0,19.72
19-Apr-2017,6.75,0.3,0.0,22.01
20-Apr-2017,10.49,0.0,0.0,12.28
21-Apr-2017,14.41,0.0,0.0,8.0
22-Apr-2017,15.15,0.7,0.0,14.21
23-Apr-2017,12.54,0.0,0.0,14.67
24-Apr-2017,18.73,0.0,0.0,10.62
25-Apr-2017,13.83,12.8,0.0,16.39
26-Apr-2017,9.22,14.8,6.65,14.49
27-Apr-2017,9.19,1.2,0.0,15.72
28-Apr-2017,10.87,0.7,0.0,17.77
29-Apr-2017,14.86,0.0,0.0,10.73
30-Apr-2017,18.83,0.0,0.0,15.13
01-May-2017,11.05,0.8,0.0,18.61
02-May-2017,14.64,0.1,0.0,13.59
03-May-2017,14.58,0.0,0.0,6.5
04-May-2017,13.96,1.9,0.0,6.87
05-May-2017,18.83,0.3,0.0,11.75
06-May-2017,21.26,1.9,0.0,20.0
07-May-2017,15.47,2.2,0.0,21.06
08-May-2017,14.44,3.4,0.0,16.29
09-May-2017,14.5,0.0,0.0,12.25
10-May-2017,20.26,0.0,0.0,14.49
11-May-2017,23.0,0.4,0.0,19.4
12-May-2017,19.24,2.0,0.0,12.95
13-May-2017,20.2,3.0,0.0,12.02
14-May-2017,17.7,0.8,0.0,6.71
15-May-2017,21.03,0.1,0.0,6.97
16-May-2017,24.33,0.0,0.0,9.62
17-May-2017,27.08,0.0,0.0,11.18
18-May-2017,22.37,0.0,0.0,9.06
19-May-2017,17.48,5.4,0.0,21.64
20-May-2017,16.59,0.0,0.0,8.34
21-May-2017,20.99,0.0,0.0,13.06
22-May-2017,23.84,0.0,0.0,7.27
23-May-2017,24.33,0.1,0.0,14.41
24-May-2017,22.45,0.0,0.0,14.74
25-May-2017,22.61,0.0,0.0,9.72
26-May-2017,25.5,0.0,0.0,16.25
27-May-2017,28.08,0.0,0.0,9.46
28-May-2017,30.02,0.0,0.0,6.59
29-May-2017,29.81,0.2,0.0,6.59
30-May-2017,27.56,0.7,0.0,15.72
31-May-2017,24.84,2.6,0.0,8.53
01-Jun-2017,23.04,0.9,0.0,6.09
02-Jun-2017,25.68,0.0,0.0,6.44
03-Jun-2017,25.5,3.2,0.0,7.58
04-Jun-2017,20.76,6.2,0.0,29.63
05-Jun-2017,18.97,0.0,0.0,8.53
06-Jun-2017,18.83,0.5,0.0,23.3
07-Jun-2017,17.29,0.0,0.0,21.6
08-Jun-2017,25.34,0.0,0.0,10.44
09-Jun-2017,22.8,0.0,0.0,17.05
10-Jun-2017,24.99,0.0,0.0,10.37
11-Jun-2017,29.89,0.0,0.0,12.41
12-Jun-2017,27.22,0.3,0.0,16.62
13-Jun-2017,25.46,0.0,0.0,9.72
14-Jun-2017,27.55,0.0,0.0,13.41
15-Jun-2017,28.75,0.6,0.0,12.04
16-Jun-2017,23.97,0.0,0.0,19.3
17-Jun-2017,22.77,0.0,0.0,14.96
18-Jun-2017,25.83,0.0,0.0,16.09
19-Jun-2017,30.64,0.0,0.0,11.97
20-Jun-2017,31.44,0.0,0.0,11.46
21-Jun-2017,32.01,0.0,0.0,6.03
22-Jun-2017,32.95,0.5,0.0,14.92
23-Jun-2017,29.95,0.0,0.0,19.38
24-Jun-2017,26.92,0.0,0.0,12.92
25-Jun-2017,25.16,0.0,0.0,17.18
26-Jun-2017,29.1,0.0,0.0,6.24
27-Jun-2017,27.53,2.0,0.0,8.6
28-Jun-2017,22.45,3.2,0.0,19.61
29-Jun-2017,20.72,6.8,0.0,20.38
30-Jun-2017,22.61,0.1,0.0,24.68
01-Jul-2017,18.67,2.0,0.0,19.03
02-Jul-2017,20.37,0.4,0.0,15.18
03-Jul-2017,24.04,0.0,0.0,8.99
04-Jul-2017,26.9,0.0,0.0,5.39
05-Jul-2017,30.13,0.0,0.0,6.22
06-Jul-2017,32.06,0.0,0.0,6.72
07-Jul-2017,31.49,1.1,0.0,18.92
08-Jul-2017,31.91,0.6,0.0,12.22
09-Jul-2017,30.61,0.0,0.0,18.93
10-Jul-2017,24.38,2.8,0.0,25.48
11-Jul-2017,21.94,0.5,0.0,9.99
12-Jul-2017,25.94,0.6,0.0,23.15
13-Jul-2017,23.85,0.0,0.0,10.39
14-Jul-2017,21.54,1.0,0.0,15.42
15-Jul-2017,21.86,0.0,0.0,11.22
16-Jul-2017,25.51,0.0,0.0,9.32
17-Jul-2017,28.3,0.0,0.0,6.15
18-Jul-2017,29.61,0.0,0.0,8.68
19-Jul-2017,32.65,0.2,0.0,11.89
20-Jul-2017,25.88,0.1,0.0,12.42
21-Jul-2017,27.77,0.9,0.0,10.61
22-Jul-2017,28.37,1.7,0.0,11.33
23-Jul-2017,24.28,3.6,0.0,16.25
24-Jul-2017,19.81,2.5,0.0,22.19
25-Jul-2017,16.92,1.8,0.0,18.96
26-Jul-2017,22.93,0.2,0.0,20.55
27-Jul-2017,23.43,3.6,0.0,14.92
28-Jul-2017,24.75,0.0,0.0,16.26
29-Jul-2017,28.78,0.0,0.0,7.92
30-Jul-2017,30.11,3.7,0.0,12.66
31-Jul-2017,32.37,1.4,0.0,13.75
01-Aug-2017,34.54,4.0,0.0,15.73
02-Aug-2017,31.68,1.7,0.0,9.33
03-Aug-2017,32.6,0.7,0.0,16.48
04-Aug-2017,28.63,0.0,0.0,17.39
05-Aug-2017,28.9,0.0,0.0,21.32
06-Aug-2017,22.19,0.0,0.0,12.47
07-Aug-2017,27.4,0.0,0.0,10.87
08-Aug-2017,28.32,16.3,0.0,13.01
09-Aug-2017,23.8,2.2,0.0,9.91
10-Aug-2017,19.15,9.4,0.0,20.28
11-Aug-2017,16.72,9.0,0.0,15.19
12-Aug-2017,22.6,0.1,0.0,18.4
13-Aug-2017,23.94,0.3,0.0,8.67
14-Aug-2017,27.85,0.0,0.0,10.4
15-Aug-2017,31.62,0.2,0.0,17.75
16-Aug-2017,26.97,0.1,0.0,7.39
17-Aug-2017,28.25,0.0,0.0,10.39
18-Aug-2017,30.27,3.2,0.0,26.03
19-Aug-2017,22.39,0.0,0.0,14.41
20-Aug-2017,21.89,0.0,0.0,8.12
21-Aug-2017,23.03,0.0,0.0,5.17
22-Aug-2017,26.11,0.0,0.0,8.8
23-Aug-2017,30.86,0.0,0.0,7.05
24-Aug-2017,29.68,0.0,0.0,9.82
25-Aug-2017,32.14,0.0,0.0,10.03
26-Aug-2017,31.57,0.0,0.0,10.25
27-Aug-2017,31.63,0.0,0.0,9.95
28-Aug-2017,30.24,0.3,0.0,9.97
29-Aug-2017,31.15,0.0,0.0,10.03
30-Aug-2017,32.96,0.5,0.0,19.23
31-Aug-2017,24.13,9.0,0.0,18.21
01-Sep-2017,17.64,1.3,0.0,13.92
02-Sep-2017,17.42,3.3,0.0,12.51
03-Sep-2017,19.85,0.0,0.0,9.09
04-Sep-2017,22.42,0.0,0.0,12.8
05-Sep-2017,26.1,0.0,0.0,10.94
06-Sep-2017,21.98,0.0,0.0,20.42
07-Sep-2017,20.39,0.0,0.0,12.8
08-Sep-2017,22.19,0.0,0.0,15.45
09-Sep-2017,20.3,0.2,0.0,18.03
10-Sep-2017,19.65,2.1,0.0,11.08
11-Sep-2017,17.88,0.0,0.0,23.07
12-Sep-2017,16.66,0.9,0.0,18.91
13-Sep-2017,23.07,0.2,0.0,29.57
14-Sep-2017,20.13,0.8,0.0,30.81
15-Sep-2017,17.41,0.0,0.0,10.01
16-Sep-2017,14.69,15.5,0.0,8.46
17-Sep-2017,15.16,2.1,0.0,10.88
18-Sep-2017,15.19,3.0,0.0,11.77
19-Sep-2017,13.39,2.2,0.0,11.48
20-Sep-2017,17.31,0.0,0.0,9.91
21-Sep-2017,20.29,0.0,0.0,13.18
22-Sep-2017,22.49,0.0,0.0,9.89
23-Sep-2017,21.39,0.0,0.0,7.43
24-Sep-2017,21.05,0.0,0.0,7.15
25-Sep-2017,21.39,0.0,0.0,11.31
26-Sep-2017,20.27,0.0,0.0,12.93
27-Sep-2017,22.18,0.0,0.0,6.24
28-Sep-2017,24.4,0.0,0.0,7.37
29-Sep-2017,24.07,0.0,0.0,10.74
30-Sep-2017,22.2,0.4,0.0,20.43
01-Oct-2017,19.44,0.0,0.0,10.98
02-Oct-2017,20.51,1.5,0.0,17.08
03-Oct-2017,18.12,12.8,0.0,19.24
04-Oct-2017,19.39,0.0,0.0,12.54
05-Oct-2017,20.66,2.2,0.0,23.18
06-Oct-2017,12.96,2.3,0.0,16.7
07-Oct-2017,16.25,0.0,0.0,12.53
08-Oct-2017,14.7,0.1,0.0,16.67
09-Oct-2017,16.36,0.0,0.0,10.21
10-Oct-2017,19.25,0.0,0.0,13.59
11-Oct-2017,20.58,0.0,0.0,6.6
12-Oct-2017,20.01,0.0,0.0,16.16
13-Oct-2017,21.44,0.0,0.0,8.26
14-Oct-2017,22.91,0.0,0.0,6.22
15-Oct-2017,24.39,0.0,0.0,9.42
16-Oct-2017,26.28,0.0,0.0,9.42
17-Oct-2017,23.25,0.0,0.0,6.48
18-Oct-2017,20.97,0.0,0.0,7.99
19-Oct-2017,22.43,0.0,0.0,11.97
20-Oct-2017,21.22,0.0,0.0,17.77
21-Oct-2017,23.31,3.0,0.0,18.57
22-Oct-2017,13.12,0.1,0.0,22.21
23-Oct-2017,12.89,0.1,0.0,17.33
24-Oct-2017,17.39,0.3,0.0,10.44
25-Oct-2017,21.15,0.0,0.0,5.6
26-Oct-2017,22.35,0.0,0.0,7.27
27-Oct-2017,14.98,0.1,0.0,13.92
28-Oct-2017,12.98,0.0,0.0,18.87
29-Oct-2017,11.72,0.5,0.0,28.28
30-Oct-2017,10.81,0.0,0.0,9.99
31-Oct-2017,11.13,0.0,0.0,6.32
01-Nov-2017,16.78,0.0,0.0,6.99
02-Nov-2017,17.9,0.0,0.0,18.12
03-Nov-2017,15.95,0.0,0.0,5.69
04-Nov-2017,19.33,0.3,0.0,12.81
05-Nov-2017,14.09,19.3,0.0,26.14
06-Nov-2017,9.56,0.3,0.0,16.8
07-Nov-2017,8.15,0.4,0.0,12.28
08-Nov-2017,8.95,6.6,0.0,13.1
09-Nov-2017,8.74,0.2,0.0,7.39
10-Nov-2017,9.52,0.0,0.0,18.13
11-Nov-2017,11.45,0.6,0.0,25.98
12-Nov-2017,13.06,11.4,0.0,36.51
13-Nov-2017,6.65,1.0,0.07,19.07
14-Nov-2017,7.86,0.0,0.0,7.53
15-Nov-2017,10.04,0.0,0.0,6.09
16-Nov-2017,6.46,0.0,0.0,6.09
17-Nov-2017,8.0,0.0,0.0,3.71
18-Nov-2017,8.03,0.0,0.0,14.06
19-Nov-2017,7.21,1.3,0.0,23.19
20-Nov-2017,8.85,0.0,0.0,12.79
21-Nov-2017,14.63,0.0,0.0,18.39
22-Nov-2017,14.18,0.0,0.0,9.36
23-Nov-2017,17.12,0.0,0.0,24.76
24-Nov-2017,18.04,1.7,0.0,27.46
25-Nov-2017,11.91,16.9,0.0,26.59
26-Nov-2017,5.12,0.9,0.07,18.43
27-Nov-2017,7.7,0.0,0.0,21.52
28-Nov-2017,7.64,2.4,0.0,25.29
29-Nov-2017,5.27,0.6,0.42,12.43
30-Nov-2017,4.13,1.8,1.26,25.16
01-Dec-2017,2.97,0.0,0.0,16.52
02-Dec-2017,4.26,0.0,0.0,19.0
03-Dec-2017,1.64,0.0,0.0,12.06
04-Dec-2017,4.93,0.0,0.0,25.48
05-Dec-2017,6.31,0.0,0.0,14.65
06-Dec-2017,4.83,0.0,0.0,6.4
07-Dec-2017,7.25,0.0,0.0,34.29
08-Dec-2017,8.49,2.1,0.07,44.07
09-Dec-2017,1.88,0.0,0.0,26.94
10-Dec-2017,8.11,6.5,0.0,59.19
11-Dec-2017,11.77,6.3,0.0,30.53
12-Dec-2017,6.7,0.0,0.0,32.02
13-Dec-2017,6.23,0.0,0.0,31.38
14-Dec-2017,8.03,7.7,0.0,40.77
15-Dec-2017,6.5,3.4,0.0,30.57
16-Dec-2017,4.48,1.1,0.35,17.22
17-Dec-2017,3.27,0.9,0.63,17.32
18-Dec-2017,3.72,3.8,2.52,39.16
19-Dec-2017,4.25,0.0,0.0,10.03
20-Dec-2017,5.23,1.9,1.33,7.69
21-Dec-2017,7.24,0.3,0.0,9.34
22-Dec-2017,8.5,0.9,0.0,12.28
23-Dec-2017,7.45,0.0,0.0,6.92
24-Dec-2017,6.34,0.0,0.0,6.49
25-Dec-2017,8.87,0.0,0.0,7.92
26-Dec-2017,8.45,0.3,0.0,24.11
27-Dec-2017,7.43,0.3,0.0,23.75
28-Dec-2017,2.55,0.1,0.07,36.68
29-Dec-2017,5.05,1.9,0.0,37.66
30-Dec-2017,12.77,0.6,0.0,31.76
31-Dec-2017,14.31,0.3,0.0,28.37
